Brand,Product Name (Japanese),JAN Code,Category,Volume,Ingredients,Nutrition Basis,Energy (kcal),Protein (g),Fat (g),Carbohydrate (g),Sugar (g),Salt Equivalent (g),Caffeine (mg),Can Material,Manufacturer/Seller
BOSS (Suntory),サントリー ボス レインボーマウンテンブレンド ビター,4901777344006,コーヒー,185g,牛乳、コーヒー、砂糖、乳製品、デキストリン/カゼインNa、香料、乳化剤、安定剤(カラギナン),100g,36,0-1.4,0-1.2,6.7,,0.12,75,スチール,サントリーフーズ(株)
BOSS (Suntory),サントリー ボス アイスコーヒー 地中海ブレンド,4901777231177,コーヒー,185g,コーヒー、砂糖、牛乳、クリーム、食用油脂、乳化剤、カゼインNa、甘味料(アセスルファムK),100g,19,0.3,0.4,3.5,,,約60,スチール,サントリーフーズ(株)
BOSS (Suntory),サントリーフーズ ボス オールスター コクの5重奏,4901777375321,コーヒー,185g,牛乳(国内製造)、コーヒー、砂糖、全粉乳、脱脂粉乳、クリーム、デキストリン/カゼインNa、乳化剤、香料、甘味料(アセスルファムK),100g,24,0-1.4,0-1.2,4.0,3.2,0.13,,スチール,サントリーフーズ(株)
BOSS (Suntory),サントリーフーズ ボス プレミアムブラック 高級豆キリマンジャロブレンド,4901777266384,コーヒー,275g,コーヒー(コーヒー豆(タンザニア、ブラジル、その他))/乳化剤,100g,0,0,0,0-1.4,0,0.05,,アルミ,サントリーフーズ(株)
BOSS (Suntory),サントリー ボス レインボーマウンテンブレンド,4901777235298,コーヒー,185g,牛乳、砂糖、コーヒー、乳製品、デキストリン/カゼインNa、乳化剤、香料,100g,35,0-1.2,0-1.2,6.9,,0.12,,スチール,サントリーフーズ(株)
BOSS (Suntory),サントリーフーズ ボス ワールドコレクション ブラック コロンビアウィラ,4901777374928,コーヒー,185g,"コーヒー(コロンビアウィラ地区産スプレモ豆51%)
原産地名:コロンビア、ブラジル、その他(コーヒー豆)",100g,0,0,0,0-1.0,0,0.06,,スチール,サントリーフーズ(株)
BOSS (Suntory),サントリーフーズ ボス レインボーマウンテンブレンド ダブルエスプレッソ仕立て,4901777253298,コーヒー,185g,牛乳(国内製造)、砂糖、コーヒー、乳製品、デキストリン/カゼインNa、乳化剤、香料,100g,35,0-1.2,0-1.2,6.9,,0.12,,スチール,サントリーフーズ(株)
BOSS (Suntory),サントリーフーズ ボス カフェオレ 北海道生クリーム＆厳選牛乳,4901777235434,コーヒー飲料,185g,牛乳(国内製造)、砂糖、コーヒー、脱脂粉乳、クリーム、全粉乳、デキストリン/カゼインNa、乳化剤、香料、安定剤(カラギナン),100g,44,0.5-1.5,0.5-1.5,8.3,,0.10,,スチール,サントリーフーズ(株)
BOSS (Suntory),サントリーフーズ プレミアムボス 最高峰のコク,4901777261518,コーヒー,185g,牛乳(国内製造)、コーヒー、砂糖、ぶどう糖、乳加工品/カゼインNa、香料、乳化剤,100g,33,0-1.2,0-1.0,6.6,,0.11,,スチール,サントリーフーズ(株)
BOSS (Suntory),サントリーフーズ ボス ブラック 深煎り・荒挽き・雑味なし,4901777204980,コーヒー,185g,コーヒー(コーヒー豆(ブラジル、エチオピア、その他)),100g,0,0,0,0-1.0,0,0.05,,スチール,サントリーフーズ(株)
BOSS (Suntory),サントリーフーズ ボス 贅沢微糖 芳醇のコク,4901777235335,コーヒー,185g,牛乳(国内製造)、コーヒー、砂糖、乳製品、デキストリン/カゼインNa、乳化剤、香料、甘味料(アセスルファムK),100g,20,0-1.4,0-1.0,3.5,2.7,0.12,,スチール,サントリーフーズ(株)
BOSS (Suntory),サントリーフーズ ボス ザエスプレッソ ダブルエスプレッソ仕立て,4901777277090,コーヒー,275g,コーヒー(コーヒー豆(ブラジル、ベトナム、その他))/香料,100g,0,0,0,0-1.0,,0.04,,アルミ,サントリーフーズ(株)
BOSS (Suntory),サントリーフーズ ボス ザエスプレッソ 微糖 ダブルエスプレッソ仕立て,4901777320512,コーヒー,260g,牛乳(国内製造)、コーヒー、砂糖、脱脂粉乳、デキストリン/香料、カゼインNa、乳化剤、甘味料(アセスルファムK)、安定剤(セルロース),100g,18,0-1.5,0-1.5,2.9,,0.10,,アルミ,サントリーフーズ(株)
BOSS (Suntory),サントリーフーズ ボス ザエスプレッソ 微糖 エスプレッソの上質なコク ブラジル最高等級豆ブレンド,4901777277076,コーヒー,185g,牛乳(国内製造)、コーヒー、砂糖、全粉乳、デキストリン/カゼインNa、香料、乳化剤、甘味料(アセスルファムK),100g,19,0-1.2,0-1.0,3.1,2.1,0.13,,スチール,サントリーフーズ(株)
BOSS (Suntory),サントリーフーズ ボス ザエスプレッソ オリジナルブレンド エスプレッソの上質なコク ブラジル最高等級豆ブレンド,4901777277052,コーヒー,185g,砂糖(国内製造、ニュージーランド製造)、コーヒー、牛乳、脱脂粉乳、全粉乳、デキストリン/カゼインNa、香料、乳化剤、安定剤(セルロース),100g,33,0-1.2,0-1.0,7.1,,0.13,,スチール,サントリーフーズ(株)
BOSS (Suntory),サントリーフーズ ボス コーヒーファーム 微糖 キレの良い苦味 ブラジルヴィトリア農園契約農園豆ブレンド,4901777258464,コーヒー,185g,"コーヒー(ヴィトリア農園豆51%)、牛乳、砂糖、全粉乳、脱脂粉乳、デキストリン/カゼインNa、乳化剤、香料、甘味料(アセスルファムK)
原料原産地名:ブラジル、インドネシア、その他(コーヒー豆)",100g,18,0-1.0,0-1.0,3.0,2.2,0.13,,スチール,サントリーフーズ(株)
BOSS (Suntory),サントリーフーズ ボス コーヒーファーム オリジナル コクの深煎り ブラジルヴィトリア農園契約農園豆ブレンド,4901777258396,コーヒー,185g,砂糖(国内製造、ニュージーランド製造)、牛乳、コーヒー(ヴィトリア農園豆60%)、脱脂粉乳、全粉乳、デキストリン/カゼインNa、乳化剤、香料、安定剤(セルロース),100g,34,0-1.0,0-1.0,6.9,,0.12,,スチール,サントリーフーズ(株)
BOSS (Suntory),サントリーフーズ ファミマル ファミリーズボス ザエスプレッソ ブラジル最高等級豆ブレンド ブラック無糖,4901777378674,コーヒー,275g,コーヒー(コーヒー豆(ブラジル、ベトナム、その他))/香料,100g,0,0,0,0-1.0,,0.04,,アルミ,サントリーフーズ(株)
BOSS (Suntory),サントリーフーズ ボス ワールドジャーニー 産地直送手摘み豆 コロンビアブレンド 微糖,4901777360006,コーヒー,185g,牛乳(国内製造)、コーヒ(コロンビア産スプレモ豆60%)、砂糖、全粉乳、脱脂粉乳、デキストリン/カゼインNa、乳化剤、甘味料(アセスルファムK)、香料,100g,23,0-1.4,0-1.0,4.1,3.3,0.12,,スチール,サントリーフーズ(株)
BOSS (Suntory),サントリーフーズ ファミマル ファミリーズボス ザエスプレッソ ブラジル最高等級豆ブレンド 微糖,4901777378650,コーヒー,185g,牛乳(国内製造)、コーヒー、砂糖、全粉乳、デキストリン/カゼインNa、香料、乳化剤、甘味料(アセスルファムK),100g,19,0-1.2,0-1.0,3.1,2.1,0.13,,スチール,サントリーフーズ(株)
BOSS (Suntory),サントリーフーズ ファミマル ファミリーズボス ザエスプレッソ ブラジル最高等級豆ブレンド オリジナルブレンド,4901777378636,コーヒー,185g,砂糖(国内製造、ニュージーランド製造)、コーヒー、牛乳、脱脂粉乳、全粉乳、デキストリン/カゼインNa、香料、乳化剤、安定剤(セルロース),100g,33,0-1.2,0-1.0,7.1,,0.13,,スチール,サントリーフーズ(株)
BOSS (Suntory),サントリーフーズ ファミマル ファミリーズボス ザエスプレッソ ブラジル最高等級豆ブレンド 無糖ブラック,4901777378025,コーヒー,185g,コーヒー(コーヒー豆(ブラジル、インドネシア、その他))/香料,100g,0,0,0,0-1.5,0,0.05,,スチール,サントリーフーズ(株)
BOSS (Suntory),サントリーフーズ ファミマル ファミリーズボス ザエスプレッソ ブラジル最高等級豆ブレンド 微糖,4901777378698,コーヒー,260g,牛乳(国内製造)、コーヒー、砂糖、脱脂粉乳、デキストリン/香料、カゼインNa、乳化剤、甘味料(アセスルファムK)、安定剤(セルロース),100g,18,0-1.5,0-1.5,2.9,2.2,0.10,,アルミ,サントリーフーズ(株)
BOSS (Suntory),サントリーフーズ ボス 国産牛乳100%使用 特製ラテ アイス専用,4901777361683,コーヒー飲料,185g,牛乳(国内製造)、砂糖、コーヒー/カゼインNa、乳化剤,100g,38,0-1.4,0-1.6,7.1,,0.09,,スチール,サントリーフーズ(株)
BOSS (Suntory),サントリーフーズ プレミアムボス 微糖 ボス微糖史上最高峰のコク,4901777278035,コーヒー,260g,牛乳(国内製造)、コーヒー、砂糖、乳加工品、ぶどう糖/香料、カゼインNa、乳化剤、酸化防止剤(ビタミンC)、甘味料(アセスルファムK)、安定剤(セルロース),100g,19,0-1.5,0-1.5,2.9,2.3,0.11,,アルミ,サントリーフーズ(株)
BOSS (Suntory),サントリーフーズ ボス ダブルインパクト ダブルの深煎り 微糖,4901777305229,コーヒー,185g,コーヒー(コーヒー豆(ブラジル、インドネシア、その他))、牛乳、砂糖、全粉乳、デキストリン/カゼインNa、乳化剤、香料、甘味料(アセスルファムK),100g,20,0-1.2,0-1.2,2.9,2.1,0.12,,スチール,サントリーフーズ(株)
BOSS (Suntory),サントリーフーズ プレミアムボス ブラック ボスブラック史上最高峰のコク,4901777278639,コーヒー,390g,コーヒー(コーヒー豆(ブラジル、エチオピア、その他))/香料,100g,0,0,0,0-1.0,0,0.05,,アルミ,サントリーフーズ(株)
BOSS (Suntory),サントリーフーズ ファミマル ファミリーズボス ザエスプレッソ ブラジル最高等級豆ブレンド ブラック,4901777378001,コーヒー,390g,コーヒー(コーヒー豆(ブラジル、ベトナム、その他))/香料,100g,0,0,0,0-1.0,0,0.04,,アルミ,サントリーフーズ(株)
BOSS (Suntory),サントリーフーズ ファミマル ファミリーズボス ザエスプレッソ ブラジル最高等級豆ブレンド 微糖,4901777378049,コーヒー,370g,牛乳(国内製造)、コーヒー、砂糖、脱脂粉乳、デキストリン/香料、カゼインNa、乳化剤、甘味料(アセスルファムK)、安定剤(セルロース),100g,18,0-1.5,0-1.5,2.9,2.2,0.10,,アルミ,サントリーフーズ(株)
BOSS (Suntory),サントリーフーズ ボス30周年 ザボス 上向く一服 微糖 特別じっくり香り引き立て焙煎,4901777385061,コーヒー,185g,牛乳(国内製造)、コーヒー、砂糖、全粉乳、脱脂粉乳、クリーム、デキストリン/カゼインNa、乳化剤、甘味料(アセスルファムK)、香料,100g,24,0-1.5,0-1.5,3.9,3.1,0.12,,スチール,サントリーフーズ(株)
BOSS (Suntory),サントリーフーズ 開店30年 SINCE1992 珈琲ボス ビトウ じっくり焙煎、ゆったり一服,4901777387416,コーヒー,185g,牛乳(国内製造)、コーヒー、砂糖、全粉乳、脱脂粉乳、クリーム、デキストリン/カゼインNa、乳化剤、香料、甘味料(アセスルファムK)、安定剤(セルロース),100g,25,0-1.5,0-1.5,3.9,3.2,0.12,,スチール,サントリーフーズ(株)
BOSS (Suntory),サントリーフーズ ボス シルキーブラック,4901777229266,コーヒー,400g,コーヒー(コーヒー豆(ブラジル、グアテマラ、その他))/香料、乳化剤,100g,0,0,0,0-1.0,0,0.04,,アルミ,サントリーフーズ(株)
BOSS (Suntory),サントリーフーズ 関西限定 ボス とろけるカフェオレ ダブルの生クリーム,4901777296916,コーヒー飲料,250g,砂糖(国内製造、ニュージーランド製造)、牛乳、脱脂粉乳、コーヒー、全粉乳、クリーム、デキストリン/カゼインNa、乳化剤、香料、安定剤(カラギナン),100g,49,0-2.0,0-1.4,9.3,,0.09,,アルミ,サントリーフーズ(株)
BOSS (Suntory),サントリーフーズ ボス グランデビーンズ 優駿の微糖 追い込み焙煎 各国の最高等級豆使用,4901777391253,コーヒー,185g,牛乳(国内製造)、コーヒー、砂糖、全粉乳、脱脂粉乳、デキストリン/カゼインNa、乳化剤、甘味料(アセスルファムK)、香料,100g,22,0-1.4,0-1.0,4.1,3.3,0.12,,スチール,サントリーフーズ(株)
BOSS (Suntory),サントリーフーズ プレミアムボス ボス史上最高深煎り微糖 微粉砕コーヒー使用,4901777360600,コーヒー,185g,牛乳(国内製造)、コーヒー、砂糖、ぶどう糖、脱脂粉乳/カゼインNa、香料、乳化剤、甘味料(アセスルファムK)、塩化K、塩化Mg,100g,24,0-1.4,0-1.0,4.3,3.6,0.12,,スチール,サントリーフーズ(株)
BOSS (Suntory),サントリーフーズ ボス おいしくカフェイン200mg ホワイトカフェ,4901777394148,コーヒー,245g,砂糖(国内製造)、コーヒー、乳製品、パラチノース/カゼインNa、乳化剤、香料、塩化K、塩化Mg,,91,0-1.4,2.0,18.0,,0.38,200,スチール,サントリーフーズ(株)
BOSS (Suntory),サントリーフーズ ボス おいしくカフェイン200mg キャラメルカフェ,4901777394124,コーヒー,245g,"砂糖(国内製造)、コーヒー、乳製品、パラチノース/カゼインNa
、乳化剤、香料、塩化K、塩化Mg",,91,0-1.4,2.0,18.0,,0.38,200,スチール,サントリーフーズ(株)
BOSS (Suntory),サントリーフーズ ボススパイ×ファミリー限定コラボ とろけるカフェオレ 幸せ香るピーナッツ,4901777397729,コーヒー飲料,185g,砂糖(国内製造、ニュージーランド製造)、牛乳、脱脂粉乳、コーヒー、全粉乳、クリーム、デキストリン/カゼインNa、乳化剤、香料、安定剤(カラギナン),100g,49,0-2.0,0-1.4,9.3,,0.09,,スチール,サントリーフーズ(株)
BOSS (Suntory),サントリーフーズ ボス カフェイン200mg アーモンドカフェ,4901777398689,コーヒー,245g,砂糖(国内製造)、コーヒー、乳製品、パラチノース/カゼインNa、乳化剤、香料、塩化K、塩化Mg,,85,0-1.4,2.0,17.0,,0.37,,スチール,サントリーフーズ(株)
BOSS (Suntory),サントリーフーズ ボス 伝説の序章 起源の豆エチオピア豆使用 微糖,4901777403239,コーヒー,185g,牛乳(国内製造)、コーヒー(エチオピア産コーヒー豆51%)、砂糖、全粉乳、脱脂粉乳、デキストリン/カゼインNa、乳化剤、香料、甘味料(アセスルファムK),100g,23,0-1.6,0-1.0,4.0,3.3,0.12,,スチール,サントリーフーズ(株)
BOSS (Suntory),サントリーフーズ ボスカフェイン コーヒーでカフェイン200mg カフェモカ,4901777404076,コーヒー,245g,砂糖(国内製造)、コーヒー、ココアパウダー、ぶどう糖、パラチノース、乳製品/乳化剤、安定剤(セルロース、カラギナン)、カゼインNa、香料、塩化K、塩化Mg,,88,0-1.8,0-1.6,18.9,,0.31,200,スチール,サントリーフーズ(株)
BOSS (Suntory),サントリーフーズ ビター＆テイスティー ボス ほろにが 余韻の深煎り,4901777405066,コーヒー,185g,"牛乳(国内製造)、コーヒー、砂糖、全粉乳、脱脂粉乳、デキストリン/カゼインNa,乳化剤、香料、甘味料(アセスルファムK)",100g,23,0-1.5,0-1.0,4.2,3.3,0.12,,スチール,サントリーフーズ(株)
BOSS (Suntory),サントリーフーズ ボス シルキードリップ微糖 なめらかなコク,4901777317512,コーヒー,360g,コーヒー(コーヒー豆(グアテマラ、ブラジル、その他))、砂糖、牛乳、クリーム/香料、カゼインNa、乳化剤、甘味料(アセスルファムK)、安定剤(セルロース),100g,18,0-0.5,0-0.6,3.4,3.0,0.08,,アルミ,サントリーフーズ(株)
BOSS (Suntory),サントリー食品インターナショナル ボス ブラック 脂肪の吸収を抑える,4901777262515,コーヒー飲料,280ml,コーヒー(コーヒー豆(ブラジル、コロンビア、その他))/香料、乳化剤,,23,0.9,0,6.2,,0.15-0.31,77,アルミ,サントリー食品インターナショナル(株)
BOSS (Suntory),サントリーフーズ ボス 凱旋の一服 フレンチロースト 厳選G1豆使用,4901777410367,コーヒー,185g,コーヒー(コーヒー豆(ブラジル、エチオピア、その他))、砂糖、乳製品/カゼインNa、乳化剤、塩化K、甘味料(アセスルファムK)、香料、塩化Mg,100g,20,00.8,0-1.0,3.7,3.0,0.12,,スチール,サントリーフーズ(株)
BOSS (Suntory),サントリーフーズ ボス マンゾクカフェ コーヒーと牛乳と満足感 北海道産生クリーム使用,4901777411722,コーヒー飲料,185g,砂糖(国内製造)、牛乳、コーヒー、乳製品/カゼインNa、乳化剤、香料、塩化K、塩化Mg,100g,37,0-0.8,0-1.6,7.2,,0.09,,スチール,サントリーフーズ(株)
BOSS (Suntory),サントリーフーズ ボスカフェインプロ 備える人のコーヒーカフェイン200mg ブラック,4901777412989,コーヒー,245g,コーヒー(ウガンダ産コーヒー豆75%)/香料,,0,0,0,0-2.0,0,0.13,200,スチール,サントリーフーズ(株)
BOSS (Suntory),サントリーフーズ ボス 勝負の一手 力強いコクとキレ 攻めの微糖  深煎りコロンビア豆19%使用,4901777420328,コーヒー,185g,コーヒー(コーヒー豆(ブラジル、コロンビア、その他))、砂糖、乳製品/カゼインNa、乳化剤、香料、塩化K、甘味料(アセスルファムK)、塩化Mg,100g,20,0-0.8,0-1.0,3.7,,0.12,,スチール,サントリーフーズ(株)
BOSS (Suntory),サントリーフーズ ボス選ばれし豆深く煎られる時コク深く苦味際立つ勇ましき微糖,4901777420304,コーヒー,185g,コーヒー(コーヒー豆(ブラジル、ペルー、その他))、砂糖、食用油脂/カゼインNa(乳由来)、乳化剤、香料、塩化K、甘味料(アセスルファムK)、塩化Mg,100g,20,0-0.8,0-1.0,3.6,,0.12,,スチール,サントリーフーズ(株)
BOSS (Suntory),サントリーフーズ ファミマル ファミボス ザエスプレッソ エスプレッソのコク深いブラック ブラジル最高等級豆ブレンド,4901777416215,コーヒー,275g,コーヒー(コーヒー豆(ブラジル、ベトナム、その他))/香料,100g,0,0,0,,0,0.04,,アルミ,サントリーフーズ(株)
BOSS (Suntory),サントリーフーズ ファミマル ファミボス ザエスプレッソ エスプレッソの芳醇の微糖 ブラジル最高等級豆ブレンド,4901777416000,コーヒー,260g,牛乳(国内製造)、コーヒー、砂糖、デキストリン/香料、カゼインNa、乳化剤、甘味料(アセスルファムK)、塩化K、塩化Mg、安定剤(セルロース),100g,17,0-1.2,0-1.0,2.9,2.2,0.10,,アルミ,サントリーフーズ(株)
BOSS (Suntory),サントリーフーズ ボス マンゾクカフェ コーヒー香る苺と牛乳,4901777427495,清涼飲料水,185g,砂糖(国内製造)、牛乳、乳製品、インスタントコーヒー/カゼインNa、香料、乳化剤、塩化K、塩化Mg,100g,45,0-1.6,0-1.6,8.8,,0.10,,スチール,サントリーフーズ(株)
BOSS (Suntory),サントリーフーズ ボス 満足カフェ 珈琲と牛乳 北海道産生クリーム使用,4901777427471,コーヒー飲料,185g,砂糖(国内製造)、牛乳、コーヒー、乳製品/カゼインNa、乳化剤、香料、塩化K、塩化Mg,100g,37,,,7.2,,0.09,,スチール,サントリーフーズ(株)
BOSS (Suntory),サントリーフーズ ポケモンカードゲーム×ボス ボスイーエックス 進化の微糖 洗練のコクと苦味 エクストラ焙煎,4901777427419,コーヒー,185g,コーヒー(コーヒー豆(ブラジル、ベトナム、その他))、砂糖、乳製品/カゼインNa、乳化剤、塩化K、香料、甘味料(アセスルファムK)、塩化Mg,100g,20,0-0.8,0-1.0,3.6,,0.12,,スチール,サントリーフーズ(株)
BOSS (Suntory),サントリーフーズ ファミマル ファミボス ザエスプレッソ エスプレッソの芳醇の微糖 ブラジル最高等級豆ブレンド,4901777416239,コーヒー,370g,牛乳(国内製造)、コーヒー、砂糖、デキストリン/香料、カゼインNa、乳化剤、甘味料(アセスルファムK)、塩化K、塩化Mg、安定剤(セルロース),100g,17,0-1.2,0-1.0,2.9,2.2,0.10,,アルミ,サントリーフーズ(株)
BOSS (Suntory),サントリーフーズ ロトトリロジー限定コラボ ボスクエスト 辿り着いた深煎り かいしんのコク微糖,4901777437739,コーヒー,185g,コーヒー(コーヒー豆(ブラジル、ベトナム))、砂糖、乳製品/カゼインNa、乳化剤、塩化K、香料、甘味料(アセスルファムK)、塩化Mg,100g,19,0-0.8,0-1.0,3.6,,0.12,,スチール,サントリーフーズ(株)
BOSS (Suntory),サントリーフーズ ファミマルプレミアム ファミボス ゲイシャブレンド ブラック,4901777442047,コーヒー,275g,"原材料名:コーヒー(ゲイシャ豆51%)
原材料産地名:エチオピア、ブラジル(コーヒー豆)",100g,0,0,0,0-1.0,0,0.04,,アルミ,サントリーフーズ(株)
BOSS (Suntory),サントリーフーズ ボス ハウスブレンド ほろにが焙煎,4901777437715,コーヒー飲料,185g,牛乳(国内製造)、砂糖、コーヒー、乳製品/カゼインNa、乳化剤、香料、塩化K、甘味料(アセスルファムK)、塩化Mg,100g,24,0-0.8,0-1.6,3.8,3.2,0.12,,スチール,サントリーフーズ(株)
BOSS (Suntory),サントリーフーズ ボス 土俵際の底力 両国ブレンド,4901777443877,コーヒー飲料,185g,コーヒー(コーヒー豆(ベトナム産60%、ブラジル産40%))、砂糖、乳製品/カゼインNa、乳化剤、香料、塩化K、甘味料(アセスルファムK)、塩化Mg,100g,20,0-1.0,0-1.0,3.6,3.0,0.12,,スチール,サントリーフーズ(株)
BOSS (Suntory),サントリーフーズ 東海北陸限定 ボス デミタス 微糖 厳選高級豆100%,4901777335950,コーヒー,165g,牛乳(国内製造)、コーヒー、砂糖、デキストリン、乳製品/カゼインNa、乳化剤、安定剤(カラギナン)、香料、甘味料(アセスルファムK),100g,32,0-1.2,0-1.2,5.4,3.6,0.14,,スチール,サントリーフーズ(株)
BOSS (Suntory),サントリーフーズ ボス ワイルドショット 深煎り×超深煎り,4901777444539,コーヒー飲料,185g,コーヒー(コーヒー豆(ベトナム))、砂糖、クリーム(乳成分を含む)、デキストリン/カゼインNa、乳化剤、塩化K、香料、甘味料(アセスルファムK)、塩化Mg,100g,17,0-1.2,0-1.2,2.8,2.3,0.13,,スチール,サントリーフーズ(株)
BOSS (Suntory),サントリーフーズ ボス コーヒー香る牛乳とバナナ,4901777444553,清涼飲料水,185g,砂糖(国内製造)、牛乳、乳製品、コーヒー/カゼインNa、乳化剤、香料、塩化K、塩化Mg,100g,45,0-1.6,0-1.6,8.8,,0.10,,スチール,サントリーフーズ(株)
BOSS (Suntory),サントリーフーズ ボス うれしい牛乳とコーヒー 北海道産生クリーム使用,4901777444577,コーヒー入り清涼飲料,185g,砂糖(国内製造)、牛乳、コーヒー、乳製品/カゼインNa、乳化剤、香料、塩化K、塩化Mg,100g,38,0.3,0.8,7.4,,0.09,,スチール,サントリーフーズ(株)
BOSS (Suntory),サントリーフーズ ボス 5つの焙煎 ローステッドファイブブレンド 深煎り こだわりの焙煎製法,4901777332720,コーヒー飲料,185g,砂糖(国内製造)、コーヒー、クリーム(乳成分を含む)、デキストリン/カゼインNa、乳化剤、塩化K、香料、塩化Mg,100g,33,0-1.0,0-1.0,6.9,,0.09,,スチール,サントリーフーズ(株)
BOSS (Suntory),サントリーフーズ ボス 5つの焙煎 ローステッドファイブブレンド 微糖糖類60%オフ こだわりの焙煎製法,4901777332768,コーヒー飲料,185g,コーヒー(コーヒー豆(ブラジル、ベトナム、その他))、砂糖、クリーム(乳成分を含む)、デキストリン/カゼインNa、乳化剤、塩化K、香料、甘味料(アセスルファムK)、塩化Mg,100g,19,0-1.0,0-1.0,3.4,2.4,0.09,,スチール,サントリーフーズ(株)
BOSS (Suntory),サントリーフーズ ボス 5つの焙煎 ローステッドファイブブレンド 無糖ブラック こだわりの焙煎製法,4901777448193,コーヒー飲料,185g,コーヒー(コーヒー豆(ブラジル、ベトナム、その他))/香料,100g,0,0,0,0-1.0,0,0.04,,スチール,サントリーフーズ(株)
BOSS (Suntory),サントリーフーズ ファミマル ファミボス ザエスプレッソ 香り豊かなエスプレッソ 無糖ブラック ブラジル最高等級豆ブレンド,4901777449855,コーヒー,185g,コーヒー(コーヒー豆(ブラジル、ベトナム)),100g,0,0,0,0-1.5,,0.05,,スチール,サントリーフーズ(株)
BOSS (Suntory),サントリーフーズ ファミマル ファミボス ザエスプレッソ コク深まるエスプレッソ オリジナルブレンド ブラジル最高等級豆ブレンド,4901777449817,コーヒー,185g,砂糖(国内製造、ニュージーランド製造)、コーヒー、牛乳、全粉乳、デキストリン、クリーム/カゼインNa、香料、乳化剤、塩化K、塩化Mg、安定剤(セルロース),100g,34,0-1.2,0-1.0,7.2,,0.13,,スチール,サントリーフーズ(株)
BOSS (Suntory),サントリーフーズ ファミマル ファミボス ザエスプレッソ エスプレッソのコク深いブラック ブラジル最高等級豆ブレンド,4901777449879,コーヒー,275g,コーヒー(コーヒー豆(ブラジル、ベトナム))/香料,100g,0,0,0,0-1.0,0,0.04,,アルミ,サントリーフーズ(株)
BOSS (Suntory),サントリーフーズ ファミマル ファミボス ザエスプレッソ 芳醇の深煎りエスプレッソ 微糖 ブラジル最高等級豆ブレンド,4901777449831,コーヒー,185g,コーヒー(コーヒー豆(ブラジル、ベトナム))、砂糖、牛乳、クリーム、脱脂粉乳/カゼインNa、香料、乳化剤、塩化K、甘味料(アセスルファムK)、塩化Mg,100g,16,0-1.2,0-1.0,3.0,2.4,0.12,,スチール,サントリーフーズ(株)
BOSS (Suntory),サントリーフーズ ファミマル ファミボス ザエスプレッソ エスプレッソの芳醇の微糖 ブラジル最高等級豆ブレンド,4901777449916,コーヒー,260g,コーヒー(コーヒー豆(ブラジル、ベトナム、その他))、砂糖、牛乳、クリーム/カゼインNa、香料、乳化剤、塩化K、甘味料(アセスルファムK)、塩化Mg、安定剤(セルロース),100g,16,0-1.2,0-1.0,2.9,2.2,0.10,,アルミ,サントリーフーズ(株)
Doutor,ドトールコーヒー 4倍水を注いですぐできる！ 希釈用ドトール おうちでカフェアレンジ コク旨製法,4932707215417,コーヒー飲料(希釈用),185g,コーヒー(コーヒー豆(コロンビア、エチオピア)),,15,0.6,0,3.2,0,0.25,,スチール,販売者:株式会社ドトールコーヒー / 製造所:株式会社YCL
Doutor,ドトールコーヒー エキナカフェ カフェオレ  プロデュースバイドトール,4932707028789,乳飲料,260g,乳等を主要原料とする食品(韓国製造、国内製造)、牛乳、コーヒー/乳化剤、カゼインNa、(一部に乳成分を含む),,121,3.3,1.9,22.6,,0.23,,アルミ,製造者:静岡ジェイエイフーズ株式会社
Doutor,ドトールコーヒー ひのきわみ ブラック 無糖,4932707049418,コーヒー,400g,コーヒー(国内製造),,0,0,0,0.5,0,0.04,,アルミ,株式会社ドトールコーヒー
Doutor,ドトールコーヒー 深みのあるコクとキレの良い味わい エキナカフェ ブラック,4932707028765,コーヒー,260g,コーヒー(国内製造),,0,0,0,0.5,0,0.05,,アルミ,ドトールコーヒー
Doutor,ドトールコーヒー ひのきわみ ブラック 無糖,4932707002276,コーヒー,260g,コーヒー(国内製造、コロンビア製造),,0,0,0,0.7,0,0.05,,アルミ,株式会社ドトールコーヒー
Doutor,ドトールコーヒー ひのきわみ カフェオレ,4932707022756,コーヒー飲料,260g,乳等を主要原料とする食品(韓国製造、国内製造)、牛乳、砂糖、コーヒー、デキストリン、食塩/乳化剤、カゼインNa、香料、甘味料(アセスルファムK、スクラロース),,42,0.8,0.8,8.4,,0.08,,アルミ,株式会社ドトールコーヒー
Doutor,ドトールコーヒー ひのきわみ 微糖 ミルク入り,4932707022855,コーヒー,260g,牛乳(国内製造)、コーヒー、乳等を主要原料とする食品、砂糖/乳化剤、カゼインNa、香料、甘味料(アセスルファムK、スクラロース)、(一部に乳成分を含む),,19,0.8,0.3,3.2,2.3,0.12,,アルミ,株式会社ドトールコーヒー
Doutor,ドトールコーヒー ひのきわみ ブラック,4932707223993,コーヒー,390g,コーヒー(国内製造、コロンビア製造),,0,0,0,0.7,0,0.05,,アルミ,株式会社ドトールコーヒー
Doutor,ドトールコーヒー ひのきわみ 微糖 ミルク入り,4932707236597,コーヒー,185g,牛乳(国内製造)、コーヒー、砂糖、脱脂粉乳/乳化剤、カゼインNa、香料、甘味料(アセスルファムK、スクラロース)、(一部に乳成分を含む),,18,0.8,0.3,3.0,2.3,0.12,,スチール,株式会社ドトールコーヒー
Doutor,ドトールコーヒー ひのきわみ ブラック 無糖,4932707236580,コーヒー,185g,コーヒー(国内製造),,0,0,0,0.5,0,0.04,,スチール,株式会社ドトールコーヒー
Doutor,ドトールコーヒー ソリモ ドトールリアルブラック 無糖,4932707080817,コーヒー,400g,コーヒー(国内製造),,0,0,0,0.5,0,0.04,,アルミ,販売者:株式会社ドトールコーヒー / 製造所:静岡ミツウロコフーズ株式会社
Dydo Blend,ダイドードリンコ ダイドーブレンド オリジナルコーヒー 華やかな香り、軽快な余韻,4904910239801,コーヒー,185g,牛乳(国内製造)、砂糖、コーヒー、脱脂粉乳、デキストリン/乳化剤,,38,0.6,0.3,8.2,,0.09,,スチール,ダイドードリンコ(株)
Dydo Blend,ダイドードリンコ ダイドーブレンド 世界一のバリスタ バリスタ監修 微糖 世界一のバリスタ監修史上最高峰のおいしさ,4904910024940,コーヒー,260g,牛乳(国内製造)、コーヒー、砂糖、脱脂粉乳、クリーム、デキストリン/乳化剤、カゼインNa、甘味料(アセスルファムK),,23,0.6,0.5,4.2,3.0,0.12,,アルミ,ダイドードリンコ(株)
Dydo Blend,ダイドードリンコ ダイドーブレンド 世界一のバリスタ バリスタ監修 ブラック 世界一のバリスタ監修史上最高峰のおいしさ,4904910024995,コーヒー,260g,コーヒー(コーヒー豆(コロンビア、ブラジル、その他))/乳化剤,,0,0,0,0-1,0,0.05,,アルミ,ダイドードリンコ(株)
Dydo Blend,ダイドードリンコ ダイドーブレンド オリジナル おいしい新習慣 ひらめき微糖 健康な毎日をサポート コーヒー豆由来成分トリゴネリン,4904910083930,コーヒー,185g,牛乳(国内製造)、コーヒー、砂糖、脱脂粉乳、水あめ、デキストリン/乳化剤、カゼインNa、セルロース、環状オリゴ糖、甘味料(アセスルファムK),,29,0.8,0.5,5.2,4.0,0.10,,スチール,ダイドードリンコ(株)
Dydo Blend,ダイドードリンコ ダイドーブレンド アメリカン カフェオレ エスプレッソ仕立てまろやかミルクのコク,4904910069415,コーヒー飲料,340g,牛乳(国内製造)、砂糖、コーヒー、脱脂粉乳、水飴、デキストリン、脱脂濃縮乳、全粉乳、クリーム/乳化剤,,34,0.6,0.4,7.1,,0.09,,アルミ,ダイドードリンコ(株)
Dydo Blend,ダイドードリンコ ダイドーブレンド ブラック 磨き豆深煎り極キレ,4904910089932,コーヒー,185g,コーヒー(コーヒー豆(ブラジル、コロンビア、その他)),,0,0,0,0-1,0,0.05,,スチール,ダイドードリンコ(株)
Dydo Blend,ダイドードリンコ ダイドーブレンド 絶品カフェオレ まろやかなコク極まる,4904910099597,コーヒー飲料,185g,牛乳(国内製造)、砂糖、コーヒー、加糖れん乳、クリーム/乳化剤、甘味料(アセスルファムK),,42,0.8,1.0,7.5,,0.11,,スチール,ダイドードリンコ(株)
Dydo Blend,ダイドードリンコ ダイドーブレンド 絶品ブラック 深いコクとキレ極まる,4904910101153,コーヒー,185g,コーヒー(コーヒー豆(ベトナム、ブラジル、その他)),,0,0,0,0-1,0,0.05,,スチール,ダイドードリンコ(株)
Dydo Blend,ダイドードリンコ ダイドーブレンド 絶品微糖 香りコクキレ極まる,4904910099566,コーヒー,185g,牛乳(国内製造)、コーヒー、砂糖、脱脂粉乳、デキストリン/乳化剤、カゼインNa、甘味料(アセスルファムK、スクラロース),,20,0.7,0.5,3.2,2.0,0.13,,スチール,ダイドードリンコ(株)
Dydo Blend,ダイドードリンコ ダイドーブレンド ザブラック 雑味のないクリアなコク,4904910239382,コーヒー,185g,コーヒー(コーヒー豆(コロンビア、タンザニア、その他)),,0,0,0,0-1,0,0.05,,スチール,ダイドードリンコ(株)
Dydo Blend,ダイドードリンコ ダイドーブレンドプレミアム デミタスカフェモカ 豆量1.5倍プレミアム豆ブレンド,4904910096862,チョコレート飲料,150g,牛乳(国内製造)、コーヒー、砂糖、ココアパウダー、全粉乳、チョコレート、乳等を主要原料とする食品/乳化剤、セルロース、カゼインNa、安定剤(カラギナン)、甘味料(アセスルファムK、スクラロース),,43,1.3,1.0,7.2,,0.12,,スチール,ダイドードリンコ(株)
Dydo Blend,ダイドードリンコ ダイドーブレンド コーヒーラボ 世界一のバリスタ監修 ウイスキー香るブラック ウイスキー樽熟成豆使用,4904910104666,コーヒー,210g,コーヒー(コーヒー豆(ブラジル、ベトナム、その他)),,0,0,0,0-1,0,0.04,,スチール,販売者:ダイドードリンコ(株) / 製造所:(株)ニッセー
Dydo Blend,ダイドードリンコ ダイドーブレンド プレミアムデミタスコーヒー ごまかさない最高峰のコク,4904910046256,コーヒー,150g,牛乳(国内製造)、コーヒー、砂糖/乳化剤、安定剤(カラギナン),,37,0.7,0.8,6.8,,0.09,,スチール,ダイドードリンコ(株)
Dydo Blend,ダイドードリンコ ダイドーブレンド プレミアムデミタス 微糖 甘さに頼らない最高峰のコク,4904910046287,コーヒー,150g,牛乳(国内製造)、コーヒー、砂糖、クリーム/乳化剤、カゼインNa、安定剤(カラギナン),,35,0.8,0.9,5.9,4.7,0.10,,スチール,ダイドードリンコ(株)
Dydo Blend,ダイドードリンコ ダイドーブレンド プレミアムデミタス 甘さに頼らないラテ スペシャルティコーヒー豆のコク,4904910109555,乳飲料,210g,牛乳(国内製造)、コーヒー、砂糖、クリーム、乳等を主要原料とする食品/カゼインNa、乳化剤、セルロース,,38,1.1,1.1,5.8,,0.11,,スチール,製造者:(株)ニッセー / 販売者:ダイドードリンコ(株)
Dydo Blend,ダイドードリンコ ダイドーブレンド プレミアムデミタスコーヒーダイドードリンコ ダイドーブレンド プレミアムデミタス 甘さ控えた微糖 甘さに頼らない最高峰のコク,4904910046348,コーヒー,150g,牛乳(国内製造)、コーヒー、砂糖、クリーム/乳化剤、カゼインNa、安定剤(カラギナン),,32,0.8,1.0,5.0,3.9,0.10,,スチール,ダイドードリンコ(株)
Dydo Blend,ダイドードリンコ ダイドーブレンド プレミアムデミタス ブラック ごまかさない最高峰のコク,4904910046317,コーヒー,150g,コーヒー(コーヒー豆(タンザニア、コロンビア、その他)),,0,0,0,0-1,0,0.06,,スチール,ダイドードリンコ(株)
Dydo Blend,ダイドードリンコ ダイドーブレンド 香りとコクUP！ 絶品微糖 香り・コク・キレ、極まる,4904910115761,コーヒー,185g,牛乳(国内製造)、コーヒー、砂糖、脱脂粉乳、クリーム、デキストリン/乳化剤、カゼインNa、甘味料(アセスルファムK、スクラロース),,19,0.6,0.5,3.0,2.1,0.13,,スチール,ダイドードリンコ(株)
Dydo Blend,ダイドードリンコ ダイドーブレンド 絶品ブラック 深いコクとキレ、極まる,4904910115792,コーヒー,185g,コーヒー(コーヒー豆(ベトナム、ブラジル、その他)),,0,0,0,0-1,0,0.05,,スチール,ダイドードリンコ(株)
Dydo Blend,ダイドードリンコ 鬼滅の刃×ダイドー アイスラテ,4904910116300,コーヒー飲料,185g,牛乳(国内製造)、砂糖、脱脂粉乳、コーヒー、乳等を主要原料とする食品、全粉乳、クリーム、植物性油脂、デキストリン/乳化剤、甘味料(アセスルファムK)、カゼインNa,,26,0.9,0.7,3.9,,0.11,,スチール,ダイドードリンコ(株)
Dydo Blend,ダイドードリンコ ダイドーブレンド 絶品カフェオレ まろやかなコク極まる,4904910119721,コーヒー飲料,185g,牛乳(国内製造)、砂糖、コーヒー、脱脂粉乳、乳等を主要原料とする食品、クリーム、デキストリン、植物油脂、食塩/乳化剤、甘味料(アセスルファムK)、カゼインNa,,29,0.8,0.8,4.6,,0.13,,スチール,ダイドードリンコ(株)
Dydo Blend,ダイドードリンコ 絶品アイスコーヒー 微糖 深煎りのコクキレ,4904910123551,コーヒー飲料,185g,牛乳(国内製造)、コーヒー、砂糖、クリーム、油脂加工食品(植物油脂)/乳化剤、甘味料(アセスルファムK)、カゼインNa,,16,0.4,0.4,2.8,2.1,0.09,,スチール,ダイドードリンコ(株)
Dydo Blend,ダイドードリンコ ダイドーブレンド デミタス アロマ微糖 深煎りの香りとコク,4904910124695,コーヒー,150g,牛乳(国内製造)、コーヒー、砂糖、クリーム/乳化剤、カゼインNa、甘味料(アセスルファムK)、安定剤(カラギナン),,26,0.8,0.9,3.6,2.7,0.1,,スチール,ダイドードリンコ(株)
Fire (Kirin),キリンビバレッジ ファイア コクと香りの挽きたて微糖 深煎りのコクと香ばしさ,4909411078898,コーヒー,260g,牛乳(生乳(国産))、コーヒー、砂糖、脱脂粉乳、全粉乳、デキストリン/香料、乳化剤、カゼインNa、甘味料(アセスルファムK、スクラロース)、シリコーン,,15,0.7,0.4,2.1,1.5,0.11,,アルミ,キリンビバレッジ株式会社
Fire (Kirin),キリンビバレッジ ファイア ブラック 目覚めの深煎り 深みのあるコクと香ばしさ,4909411978874,コーヒー,275g,コーヒー(コーヒー豆(エチオピア、ブラジル、その他))/香料、シリコーン,,0,0,0,0.5,0,0.04,,アルミ,キリンビバレッジ株式会社
Fire (Kirin),キリンビバレッジ 直火珈琲 ファイア 挽きたて微糖 直火の香ばしさ,4909411083380,コーヒー,185g,牛乳(生乳(国産))、コーヒー、砂糖、全粉乳、脱脂粉乳、デキストリン、香料、乳化剤、カゼインNa、甘味料(アセスルファムK、スクラロース),,15,0.7,0.4,2.2,1.5,0.07,,スチール,キリンビバレッジ株式会社
Fire (Kirin),キリンビバレッジ 直火珈琲 ファイア ブラック,4909411083304,コーヒー,185g,コーヒー(コーヒー豆(ブラジル、エチオピア、ラオス))/香料,,0,0,0,0.5,0,0.04,,スチール,キリンビバレッジ株式会社
Fire (Kirin),キリンビバレッジ ファイア エクストリームブレンド 突き抜けた香ばしさ 焦がし焼き,4909411071370,コーヒー,185g,牛乳(生乳(国産))、コーヒー、砂糖、全粉乳、脱脂粉乳、デキストリン/香料、カゼインNa、乳化剤、安定剤(カラギナン),,30,0.7,0.4,5.8,,0.09,,スチール,キリンビバレッジ株式会社
Fire (Kirin),キリンビバレッジ ファイア 贅沢デミタス 直火仕上げコク深く香ばしい味わい,4909411083205,コーヒー,165g,牛乳(生乳(国産))、コーヒー、砂糖、全粉乳、脱脂粉乳、デキストリン/香料、乳化剤、カゼインNa、安定剤(カラギナン)、甘味料(アセスルファムK),,32,0.8,0.5,6.0,,0.14,,スチール,キリンビバレッジ株式会社
Fire (Kirin),キリンビバレッジ 直火珈琲 ファイア 贅沢カフェオレ 生クリーム使用,4909411083229,コーヒー飲料,185g,牛乳(生乳(国産))、砂糖、コーヒー、全粉乳、デキストリン、クリーム/乳化剤、香料,,39,0.7,0.8,7.2,,0.11,,スチール,キリンビバレッジ株式会社
Fire (Kirin),キリンビバレッジ 直火仕上げ ファイア 香ばしミルクコーヒー 関西限定,4909411088637,コーヒー飲料,245g,牛乳(生乳(国産))、砂糖、コーヒー、全粉乳、脱脂粉乳、ミルクソース、デキストリン、クリーム/乳化剤、香料,,41,0.8,0.7,7.9,,0.09,,スチール,キリンビバレッジ株式会社
Fire (Kirin),キリンビバレッジ 直火珈琲 ファイア 直火ブレンド 香ばしいコクミルク入り,4909411083267,コーヒー,185g,牛乳(生乳(国産))、砂糖、コーヒー、脱脂粉乳、全粉乳、デキストリン/カゼインNa、乳化剤、香料,,34,0.8,0.5,6.5,,0.13,,スチール,キリンビバレッジ株式会社
Fire (Kirin),キリンビバレッジ ファイア 満たされるブラジルブレンド,4909411089887,コーヒー,185g,牛乳(生乳(国産))、コーヒー(コーヒー豆(ブラジル51%))、砂糖、全粉乳、デキストリン/乳化剤、香料、カゼインNa、甘味料(アセスルファムK、スクラロース),,17,0-1,0-1,2.6,2.1,0.1,,スチール,キリンビバレッジ株式会社
Fire (Kirin),キリン 直火珈琲 ファイア 挽きたて微糖 直火の香ばしさ,4909411083427,コーヒー,155g,牛乳(生乳(国産))、コーヒー、砂糖、全粉乳、脱脂粉乳、デキストリン/香料、乳化剤、カゼインNa、甘味料(アセスルファムK、スクラロース),,15,0.7,0.4,2.2,1.5,0.07,,スチール,キリンビバレッジ株式会社
Fire (Kirin),キリンビバレッジ ファイア アイスコーヒーアイス専用ブレンド 直火仕上げ,4909411084370,コーヒー,185g,牛乳(生乳(国産))、砂糖、コーヒー、脱脂粉乳、デキストリン/カゼインNa、香料、乳化剤,,27,0-1,0.3,5.6,,0.11,,スチール,キリンビバレッジ株式会社
Fire (Kirin),キリンビバレッジ 直火仕立て ファイア 挽きたて微糖 直火の香ばしさ,4909411083342,コーヒー,185g,牛乳(生乳(国産))、コーヒー、砂糖、全粉乳、脱脂粉乳、デキストリン/香料、乳化剤、カゼインNa、甘味料(アセスルファムK、スクラロース),,15,0-1,0-1,2.1,1.6,0.07,,スチール,キリンビバレッジ株式会社
Fire (Kirin),キリンビバレッジ 引き立つコク深さ ファイア ブラック目覚めの深煎り 深みのあるコクと香ばしさ,4909411078874,コーヒー,275g,コーヒー(コーヒー豆(エチオピア、ブラジル、その他))/香料、シリコーン,,0,0,0,0-1,0,0.04,,アルミ,キリンビバレッジ株式会社
Fire (Kirin),キリンビバレッジ ファイア 冴えわたるキリマン キリマンジャロ豆100%使用,4909411084417,コーヒー,185g,牛乳(生乳(国産))、コーヒー、砂糖、脱脂粉乳、デキストリン/カゼインNa、乳化剤,,28,0.7,0.3,5.5,,0.09,,スチール,キリンビバレッジ株式会社
Fire (Kirin),キリンビバレッジ ファイア カフェオレ やすらぎのミルクと香ばしさ 焦がし焼き,4909411073473,コーヒー飲料,165g,牛乳(生乳(国産))、砂糖、コーヒー、全粉乳、デキストリン/乳化剤、香料,,42,0.8,0.8,8,,0.09,,スチール,キリンビバレッジ株式会社
Georgia (Coca-Cola),コカコーラカスタマーマーケティング ジョージア ヴィンテージ 極まるコク、熟成豆ブレンド,4902102108966,コーヒー,185g,牛乳(国内製造)、コーヒー、砂糖、クリーム/香料、乳化剤、カゼインNa,,27,0.7,0.6,4.8,,0.1,,アルミ,コカ・コーラカスタマーマーケティング(株)
Georgia (Coca-Cola),コカコーラカスタマーマーケティング ジョージア エメラルドマウンテンブレンド 高級豆×牛乳100%,4902102107341,コーヒー,185g,牛乳(国内製造)、コーヒー、砂糖/香料、カゼインNa、乳化剤,,35,0.6,0.5,6.9,,0.1,,アルミ,コカ・コーラカスタマーマーケティング(株)
Georgia (Coca-Cola),コカコーラカスタマーマーケティング ジョージア 香るブラック 猿田彦珈琲監修,4902102139311,コーヒー,260ml,コーヒー(コーヒー豆(ブラジル、グアテマラ))/香料,,0,0,0,0.7,0,0.06,,アルミ,コカ・コーラカスタマーマーケティング(株)
Georgia (Coca-Cola),コカコーラカスタマーマーケティング ジョージア 香る微糖 猿田彦珈琲監修,4902102133975,コーヒー,260ml,牛乳(国内製造)、コーヒー、砂糖/香料、カゼインNa、乳化剤、シリコーン、甘味料(アセスルファムK),,19,0.6,0.5,3.0,2.1,0.1,,アルミ,コカ・コーラカスタマーマーケティング(株)
Georgia (Coca-Cola),コカコーラカスタマーマーケティング ジョージア グラン微糖 極めたコク,4902102132534,コーヒー,170g,牛乳(国内製造)、コーヒー、砂糖、クリーム/香料、カゼインNa、乳化剤、甘味料(アセスルファムK、スクラロース),,22,0.8,0.6,3.3,2.5,0.1,,アルミ,コカ・コーラカスタマーマーケティング(株)
Georgia (Coca-Cola),コカコーラカスタマーマーケティング ジョージア ブラック無糖 高級豆100% 深いコクとキレ,4902102147323,コーヒー,170g,コーヒー(コーヒー豆(ブラジル))/香料,,0,0,0,0.7,0,0.06,,アルミ,コカ・コーラカスタマーマーケティング(株)
Georgia (Coca-Cola),コカコーラカスタマーマーケティング ジョージア エメラルドマウンテンブレンド 至福の微糖 高級豆×牛乳100%,4902102122375,コーヒー,185g,牛乳(国内製造)、コーヒー、砂糖/香料、乳化剤、カゼインNa、甘味料(アセスルファムK、スクラロース),,21,0.6,3.2,,2.3,0.1,,アルミ,コカ・コーラカスタマーマーケティング(株)
Georgia (Coca-Cola),コカコーラカスタマーマーケティング ジョージア ザプレミアム カフェオレ,4902102123037,コーヒー,185g,牛乳(国内製造)、コーヒー、砂糖、クリーム、食塩、コーヒーオイル/香料、カゼインNa、乳化剤,,43,0.9,1.0,7.7,,0.1,,アルミ,コカ・コーラカスタマーマーケティング(株)
Georgia (Coca-Cola),コカコーラカスタマーマーケティング ジョージアヨーロピアン 猿田彦珈琲監修 コクの微糖  専門店仕立ての味わい,4902102114349,コーヒー,185g,牛乳、コーヒー、砂糖、全粉乳/香料、乳化剤、カゼインNa、甘味料(アセスルファムK、スクラロース),,21,0.6,0.6,3.3,2.4,0.1,,アルミ,コカ・コーラカスタマーマーケティング(株)
Georgia (Coca-Cola),コカコーラカスタマーマーケティング ジョージア アイスカフェオレ 国産牛乳使用 まろやかミルクのコク後味すっきり,4902102092326,コーヒー飲料,280g,牛乳(国内製造)、コーヒー、砂糖、全粉乳、脱脂粉乳、デキストリン、食塩/香料、乳化剤、カゼインNa、甘味料(アセスルファムK)、安定剤(カラギナン),,31,0.8,0.9,4.8,,0.1,,アルミ,コカ・コーラカスタマーマーケティング(株)
Georgia (Coca-Cola),コカコーラカスタマーマーケティング セブンアンドアイプレミアム ジョージア セブンマウンテン カフェオレ,4902102132800,コーヒー飲料,185g,牛乳(国内製造)、砂糖、コーヒー、全粉乳、脱脂粉乳、デキストリン/香料、乳化剤、カゼインNa、安定剤(カラギナン),,44,0.9,0.8,8.3,,0.08,,アルミ,コカ・コーラカスタマーマーケティング(株)
Georgia (Coca-Cola),コカコーラカスタマーマーケティング セブンアンドアイプレミアム ジョージア セブンマウンテン 微糖,4902102132763,コーヒー,185g,牛乳(国内製造)、コーヒー、砂糖、全粉乳，デキストリン/香料、カゼインNa、乳化剤、甘味料(アセスルファムK、スクラロース),,19,0.6,0.5,3.1,2.0,0.1,,アルミ,コカ・コーラカスタマーマーケティング(株)
Georgia (Coca-Cola),コカコーラカスタマーマーケティング セブンアンドアイプレミアム ジョージア セブンマウンテン ブラック,4902102132787,コーヒー,290ml,コーヒー/香料,,0,0,0,0.6,0,0.06,,アルミ,コカ・コーラカスタマーマーケティング(株)
Georgia (Coca-Cola),コカコーラカスタマーマーケティング ジョージア デミタス微糖 コク深く香り高く,4902102130585,コーヒー,170g,牛乳(国内製造)、コーヒー、砂糖、クリーム/香料、乳化剤、カゼインNa、甘味料(アセスルファムK、スクラロース),,25,0.9,0.9,3.2,2.8,0.1,,アルミ,コカ・コーラカスタマーマーケティング(株)
Georgia (Coca-Cola),コカコーラカスタマーマーケティング セブンアンドアイプレミアム ジョージア セブンマウンテン 微糖,4902102137553,コーヒー,260ml,牛乳(国内製造)、コーヒー、砂糖、全粉乳，デキストリン/香料、カゼインNa、乳化剤、甘味料(アセスルファムK、スクラロース,,19,0.6,0.5,3.1,2.0,0.1,,アルミ,コカ・コーラカスタマーマーケティング(株)
Georgia (Coca-Cola),コカコーラカスタマーマーケティング ジョージア カフェオレ 国産牛乳使用,4902102016490,コーヒー飲料,250g,牛乳、砂糖、コーヒー、全粉乳、脱脂粉乳、デキストリン/香料、乳化剤、カゼインNa、安定剤(カラギナン),,45,0.9,1,8.2,,0.08,,アルミ,コカ・コーラカスタマーマーケティング(株)
Georgia (Coca-Cola),コカコーラカスタマーマーケティング ジョージア マックスコーヒー 練乳入り,4902102009331,コーヒー飲料,250g,加糖練乳、砂糖、コーヒー/香料、カラメル色素、乳化剤、カゼインNa、安定剤(カラギナン),,48,0.6,0.7,9.8,,0.08,,アルミ,コカ・コーラカスタマーマーケティング(株)
Georgia (Coca-Cola),コカコーラカスタマーマーケティング ジョージア 香る微糖 挽きたて豆の香り高いコク 猿田彦珈琲監修,4902102133999,コーヒー,370ml,牛乳(国内製造)、コーヒー、砂糖/香料、カゼインNa、乳化剤、シリコーン、甘味料(アセスルファムK),,19,0.6,0.5,3.0,2.1,0.1,,アルミ,コカ・コーラカスタマーマーケティング(株)
Georgia (Coca-Cola),コカコーラカスタマーマーケティング ジョージア 香るブラック 挽きたて豆の香り高いコク 猿田彦珈琲監修,4902102118668,コーヒー,400ml,コーヒー(コーヒー豆(ブラジル、グアテマラ))/香料,,0,0,0,0.7,0,0.06,,アルミ,コカ・コーラカスタマーマーケティング(株)
Georgia (Coca-Cola),コカコーラカスタマーマーケティング ジョージア ブラック無糖 深いコクとキレ  高級豆100%,4902102147309,コーヒー,185g,コーヒー(コーヒー豆(ブラジル)),,0,0,0,0.7,0,0.06,,アルミ,コカ・コーラカスタマーマーケティング(株)
Georgia (Coca-Cola),コカコーラカスタマーマーケティング ジョージア オリジナル シンス1975 クラシッククオリティコーヒー,4902102074728,コーヒー飲料,250g,砂糖(国内製造、オーストラリア製造、ニュージーランド製造)、コーヒー、全粉乳、脱脂粉乳、デキストリン/香料、乳化剤,,34,0.6,0,8.0,,0.07,,アルミ,コカ・コーラカスタマーマーケティング(株)
Georgia (Coca-Cola),コカコーラカスタマーマーケティング ジョージア マイルド微糖 マイルドな味わい,4902102147927,コーヒー,185g,牛乳(国内製造)、コーヒー、砂糖、全粉乳、デキストリン/香料、カゼインNa、乳化剤、甘味料(アセスルファムK、スクラロース),,19,0.6,0.6,2.8,1.9,0.2,,アルミ,コカ・コーラカスタマーマーケティング(株)
Georgia (Coca-Cola),コカコーラカスタマーマーケティング ジョージア アイスコーヒー 微糖 糖類60%オフ 深煎り豆のコク甘さすっきり,4902102118972,コーヒー,280g,コーヒー(コーヒー豆(ベトナム、ブラジル))、砂糖、植物油脂、乳製品/香料、乳化剤、カゼインNa、安定剤(カラギナン)、甘味料(アセスルファムK),,18,0.3,0.4,3.4,2.7,0.1,,アルミ,コカ・コーラカスタマーマーケティング(株)
Georgia (Coca-Cola),コカコーラカスタマーマーケティング ジョージア カフェオレ エメラルドマウンテンブレンド 砂糖不使用,4902102095808,コーヒー,185g,牛乳(国内製造)、コーヒー/香料、乳化剤、カゼインNa、安定剤(カラギナン)、甘味料(アセスルファムK、スクラロース),,18,0.8,0.9,1.6,0.8,0.1,,アルミ,コカ・コーラカスタマーマーケティング(株)
Georgia (Coca-Cola),コカコーラカスタマーマーケティング ゴディバ監修 ジョージア テイストオブカカオ 豊かなカカオのコク,4902102148856,コーヒー飲料,185g,牛乳(国内製造)、砂糖、コーヒー、ココアパウダー、全粉乳、チョコレートシロップ、クリーム、デキストリン、食塩/香料、乳化剤、セルロース、安定剤(CMC-Na、カラギナン)、カゼインNa,,55,1.2,1.2,9.8,,0.2,,アルミ,コカ・コーラカスタマーマーケティング(株)
Georgia (Coca-Cola),コカコーラカスタマーマーケティング 国産牛乳使用まろやかミルク ジョージア 贅沢ミルクのカフェオレ,4902102116800,コーヒー飲料,280g,牛乳(国内製造)、砂糖、コーヒー、全粉乳、脱脂粉乳、デキストリン、脱脂濃縮乳加工品/香料、乳化剤、カゼインNa、安定剤(カラギナン),,46,0.9,0.9,8.5,,0.09,,アルミ,コカ・コーラカスタマーマーケティング(株)
Georgia (Coca-Cola),コカコーラカスタマーマーケティング ジョージア ザプレミアム スペシャルエディション ブラジル最高等級豆×厳選牛乳1.5倍,4902102125307,コーヒー,170g,牛乳(国内製造)、コーヒー、砂糖、コーヒオイル/香料、カゼインNa、乳化剤,,38,0.9,0.7,7.1,,0.2,,アルミ,コカ・コーラカスタマーマーケティング(株)
Georgia (Coca-Cola),コカコーラカスタマーマーケティング ジョージア クリアブレンド 微糖 厳選高級豆をブレンドしたクリアなコク,4902102150743,コーヒー,185g,牛乳(国内製造)、コーヒー、砂糖、全粉乳、デキストリン/香料、カゼインNa、乳化剤、甘味料(アセスルファムK、スクラロース),,19,0.6,0.6,2.8,1.9,0.2,,アルミ,コカ・コーラカスタマーマーケティング(株)
Georgia (Coca-Cola),コカコーラカスタマーマーケティング 高級豆100% ジョージア プラチナムブラック 無糖 香ばしく深いコク,4902102152358,コーヒー,185g,コーヒー(コーヒー豆(ブラジル))/香料,,0,0,0,0.7,0,0.06,,アルミ,コカ・コーラカスタマーマーケティング(株)
Georgia (Coca-Cola),コカコーラカスタマーマーケティング ジョージア ゴールデンドリップ 微糖 深いコクと香り,4902101152198,コーヒー,185g,牛乳(国内製造)、コーヒー、砂糖、クリーム/香料、カゼインNa、乳化剤、甘味料(アセスルファムK、スクラロース),,21,0.6,0.6,3.3,,0.1,,アルミ,コカ・コーラカスタマーマーケティング(株)
Georgia (Coca-Cola),コカコーラカスタマーマーケティング ジョージア 喫茶店の炭火焙煎風 微糖,4902102152945,コーヒー,185g,牛乳(国内製造)、コーヒー、砂糖/香料、カゼインNa、乳化剤、甘味料(アセスルファムK、スクラロース),,21,0.6,0.5,3.4,2.4,0.2,,アルミ,コカ・コーラカスタマーマーケティング(株)
Georgia (Coca-Cola),コカコーラカスタマーマーケティング ジョージア ご褒美プレッソ コク深いエスプレッソ 上質な生クリーム＆ブラジル豆ブレンド,4902102153829,コーヒー,185g,牛乳(国内製造)、コーヒー、砂糖、クリーム/香料、乳化剤、カゼインNa、甘味料(アセスルファムK、スクラロース),,24,0.9,0.9,3.0,2.1,0.2,,アルミ,コカ・コーラカスタマーマーケティング(株)
Georgia (Coca-Cola),コカコーラカスタマーマーケティング ジョージア サントスプレミアム 北の大地とともに,4902102107860,コーヒー,185g,砂糖(国内製造)、コーヒー、全粉乳、クリーム/香料、乳化剤、カゼインNa、安定剤(カラギナン),,33,0.6,0.5,6.4,,0.1,,アルミ,コカ・コーラカスタマーマーケティング(株)
Georgia (Coca-Cola),コカコーラカスタマーマーケティング ジョージア テイスティ 深く味わう伝統のうまさ,4902102107747,コーヒー,185g,砂糖(国内製造、オーストラリア製造、ニュージーランド製造)、コーヒー、全粉乳、脱脂粉乳、デキストリン/香料、乳化剤,,31,0.5,0,7.2,,0.1,,アルミ,コカ・コーラカスタマーマーケティング(株)
Georgia (Coca-Cola),コカコーラカスタマーマーケティング ジョージア プライムブレンド 豊かなコク、ほどよい甘さ 糖類ゼロ,4902102155632,コーヒー,185g,コーヒー(コーヒー豆(ブラジル、ベトナム))、牛乳、クリーム、植物油脂、脱脂濃縮乳加工品/香料、カゼインNa、乳化剤、甘味料(アセスルファムK、スクラロース),,11,0.4,0.5,1.2,0,0.1,,アルミ,コカ・コーラカスタマーマーケティング(株)
Georgia (Coca-Cola),コカコーラカスタマーマーケティング ジョージア デミタス 北東北限定エスプレッソの深いコク 高級豆ブレンド,4902102135726,コーヒー,170g,牛乳(国内製造)、コーヒー、砂糖、全粉乳、デキストリン/香料、カゼインNa、乳化剤、甘味料(アセスルファムK),,26,0.9,0.7,4.1,,0.2,,アルミ,コカ・コーラカスタマーマーケティング(株)
Georgia (Coca-Cola),コカコーラカスタマーマーケティング ジョージア ザブレンド 牛乳入り,4902102107808,コーヒー,185g,牛乳(国内製造)、砂糖、コーヒー/香料、カゼインNa、乳化剤、安定剤(カラギナン),,39,0.6,0.5,8,,0.07,,アルミ,コカ・コーラカスタマーマーケティング(株)
Georgia (Coca-Cola),コカコーラカスタマーマーケティング ジョージア クラシックオリジナルクオリティコーヒー,4902102074780,コーヒー飲料,160g,砂糖(外国製造、国内製造)、コーヒー、全粉乳、脱脂粉乳、デキストリン/香料、乳化剤,,34,0.6,0,8.0,,0.07,,アルミ,コカ・コーラカスタマーマーケティング(株)
Georgia (Coca-Cola),コカコーラカスタマーマーケティング ジョージア 贅沢ミルクコーヒー 国産牛乳仕立て,4902102156752,コーヒー飲料,185g,牛乳(国内製造)、砂糖、コーヒー、脱脂粉乳、デキストリン、食塩/香料、乳化剤、カゼインNa、安定剤(カラギナン),,45,0.9,0.8,8.6,,0.1,,アルミ,コカ・コーラカスタマーマーケティング(株)
Georgia (Coca-Cola),コカコーラカスタマーマーケティング ジョージア 匠の一杯 贅沢ブレイク コク深いのにすっきり,4902102157872,コーヒー,185g,コーヒー(コーヒー豆(ブラジル、ベトナム))、砂糖、クリーム/香料、カゼインNa、乳化剤、(一部に乳成分を含む),,25,0.3,0.3,5.3,4.5,0.1,,アルミ,コカ・コーラカスタマーマーケティング(株)
Georgia (Coca-Cola),コカコーラカスタマーマーケティング ジョージア アイスカフェオレ まろやかなミルクのコク 国産牛乳使用,4902102160674,コーヒー飲料,243g,牛乳(国内製造)、コーヒー、砂糖、全粉乳、脱脂粉乳、デキストリン、食塩/香料、乳化剤、カゼインNa、甘味料(アセスルファムK)、安定剤(カラギナン),,30,0.8,0.8,4.9,,0.1,,アルミ,コカ・コーラカスタマーマーケティング(株)
Georgia (Coca-Cola),コカコーラカスタマーマーケティング ジョージア プラチナムブラック 無糖 ブラジル産高級豆使用,4902102152334,コーヒー,170g,コーヒー(コーヒー豆(ブラジル、ベトナム))/香料,,0,0,0,0.7,,0.06,,アルミ,コカ・コーラカスタマーマーケティング(株)
Georgia (Coca-Cola),コカコーラカスタマーマーケティング ジョージア ゴールデンドリップ 微糖,4902102152198,コーヒー,185g,牛乳(国内製造)、コーヒー、砂糖、クリーム/香料、カゼインNa、乳化剤、甘味料(アセスルファムK、スクラロース),,21,0.6,0.6,3.3,2.4,0.1,,アルミ,コカ・コーラカスタマーマーケティング(株)
Georgia (Coca-Cola),コカコーラカスタマーマーケティング ジョージア アイスコーヒー アイス専用深煎りブレンド 甘さすっきり,4902102160698,コーヒー,243g,コーヒー(コーヒー豆(ベトナム、ブラジル))、砂糖、植物油脂、脱脂濃縮乳加工品/香料、乳化剤、カゼインNa、安定剤(カラギナン)、甘味料(アセスルファムK),,19,0.2,0.5,3.3,2.7,0.1,,アルミ,コカ・コーラカスタマーマーケティング(株)
Itoen,伊藤園 コーヒーポリフェノール2倍 ダブルコーヒー カフェオレ ミルク分20%使用,4901085603178,コーヒー飲料,165g,牛乳(生乳(日本))、砂糖、コーヒー、全粉乳、デキストリン/乳化剤、香料、カゼインNa(乳由来),,44,0.8,0.8,8.5,,0.10,54,スチール,株式会社伊藤園
Itoen,伊藤園 コーヒーポリフェノール2倍 ダブルコーヒー 劇的微糖 深煎り焙煎豆使用 糖類90%カット,4901085603130,コーヒー,165g,牛乳、コーヒー、全粉乳、脱脂粉乳、砂糖/乳化剤、香料、カゼインNa(乳由来)、甘味料(アセスルファムK、スクラロース),,10,0.6,0.3,1.3,0.5,0.10,68,スチール,株式会社伊藤園
Itoen,伊藤園 コーヒーポリフェノール1.5倍 ダブルコーヒー ブラック 無糖0キロカロリー,4901085603154,コーヒー飲料,165g,コーヒー,,0,0,0,0.6,0,0.05,50,スチール,株式会社伊藤園
Itoen,伊藤園 タリーズコーヒ バリスタズエスプレッソ コーヒー豆2倍のビターな味わい,4901085613054,コーヒー,180g,コーヒー(コーヒー豆(ブラジル、インドネシア))、砂糖、牛乳、脱脂粉乳、全粉乳、乳たんぱく、デキストリン/乳化剤、カゼインNa(乳由来),,31,0.7,0.3,6.2,,0.10,,スチール,株式会社伊藤園
Itoen,伊藤園 タリーズコーヒー バリスタ厳選 バリスタズブラック,4901085613009,コーヒー,285ml,コーヒー(コーヒー豆(ブラジル、タンザニア、その他))/香料,,0,0,0,0.5,0,0.05,60,スチール,株式会社伊藤園
Itoen,伊藤園 タリーズコーヒー バリスタズ無糖ラテ コーヒー香る,4901085613580,コーヒー,370ml,牛乳(生乳(日本))、コーヒー、全粉乳/乳化剤,,7,0.3,0.3,0.7,0,0.06,47,アルミ,株式会社伊藤園
Itoen,伊藤園 タリーズコーヒー バリスタズアメリカーノ ミルク＆シュガー ほろ苦カフェ,4901085632598,コーヒー飲料,370ml,牛乳(生乳(日本))、砂糖、コーヒー、全粉乳、脱脂粉乳/安定剤(セルロース)、乳化剤、カゼインNa(乳由来)、香料,,30,0.7,0.4,5.8,,0.09,35,アルミ,株式会社伊藤園
Itoen,伊藤園 タリーズコーヒー プレミアムビーンズ バリスタズブラックキリマンジャロ,4901085632611,コーヒー,285ml,コーヒー(コーヒー豆(タンザニア、ブラジル、その他)),,0,0,0,0.6,0,0.05,59,アルミ,株式会社伊藤園
Itoen,伊藤園 タリーズコーヒー バリスタズブラック アラビカ種コーヒー豆100%,4901085161982,コーヒー,390ml,コーヒー(コーヒー豆(ブラジル、タンザニア、その他))/香料,,0,0,0,0.5,0,0.05,60,アルミ,株式会社伊藤園
Itoen,伊藤園 タリーズコーヒー ブラック＆ソーダ ガッサータ ブラックコーヒーソーダ,4901085637937,コーヒー入り炭酸飲料,370ml,コーヒー(コーヒー豆(コロンビア、インドネシア))/炭酸ガス、香料、酸味料,,0,0,0,0.4,0,0.002,12,アルミ,株式会社伊藤園
Itoen,伊藤園 タリーズコーヒー バリスタズカフェオレ まろやかカフェオレ,4901085626566,コーヒー飲料,220ml,牛乳(生乳(日本))、砂糖、コーヒー、全粉乳、デキストリン/乳化剤、カゼインNa(乳由来)、香料,,38,0.8,0.8,6.8,,0.09,36,アルミ,株式会社伊藤園
Itoen,伊藤園 タリーズコーヒー バリスタズブレンド スタンダードテイスト,4901085626542,コーヒー飲料,220ml,牛乳(生乳(日本))、砂糖、コーヒー、全粉乳、デキストリン/乳化剤、香料、カゼインNa(乳由来),,30,0.5,0.4,6.1,,0.08,38,アルミ,株式会社伊藤園
Itoen,伊藤園 チチヤス ちょっとすっきりミルクコーヒー,4901085641316,コーヒー入り清涼飲料,250g,牛乳(生乳(日本))、砂糖、コーヒー/香料、乳化剤、カゼインNa(乳由来),,34,0.5,0.5,6.9,,0.09,14,スチール,株式会社伊藤園
Itoen,伊藤園 タリーズコーヒー バリスタズブラック キリマンジャロ,4901085647202,コーヒー,285ml,コーヒー(コーヒー豆(タンザニア、コロンビア、その他)),,0,0,0,0.6,0,0.05,42,アルミ,株式会社伊藤園
Itoen,伊藤園 タリーズコーヒー バリスタズブラック キリマンジャロ,4901085653463,コーヒー,390ml,コーヒー(コーヒー豆(タンザニア、コロンビア、その他)),,0,0,0,0.6,0,0.05,42,アルミ,株式会社伊藤園
Itoen,伊藤園 タリーズコーヒー ライムトニック フィズプレッソ エスプレッソ＆炭酸,4901085653197,コーヒー入り炭酸飲料,260ml,果糖ぶどう糖液糖(国内製造)、コーヒー、ライム果汁/炭酸ガス、酸味料、香料、香辛料抽出物,,27,0,0,6.5,,0.02,19,アルミ,株式会社伊藤園
Itoen,伊藤園 タリーズコーヒー ビターブラック フィズプレッソ エスプレッソ＆炭酸,4901085653173,コーヒー入り炭酸飲料,260ml,コーヒー(コーヒー豆(コロンビア))/炭酸ガス、香料、酸味料,,0,0,0,0.3,0,0,10,アルミ,株式会社伊藤園
Itoen,伊藤園 タリーズコーヒー カフェサングリア フィズプレッソ エスプレッソ＆炭酸,4901085654934,コーヒー入り炭酸飲料,260ml,果糖ぶどう糖液糖(国内製造)、コーヒー、もも果汁、レモン果汁/炭酸ガス、香料、安定剤(ペクチン)、酸味料、酸化防止剤(ビタミンC),,29,0,0,7.3,,0.008,10,アルミ,株式会社伊藤園
Itoen,伊藤園 アロマ ブラック コーヒーポリフェノール1.5倍,4901085650554,コーヒー飲料,165g,コーヒー(コーヒー豆(ブラジル、インド、その他)),,0,0,0,0.6,0,0.05,50,スチール,株式会社伊藤園
Pokka Sapporo,ポッカサッポロフード＆ビバレッジ ブルーダイアモンドアーモンズ アーモンドブリーズ アーモンドミルクラテ アーモンド&amp;コーヒーテイストの香ばしさ,4589850829413,アーモンド飲料,185g,砂糖(国内製造)、アーモンドペースト、デキストリン、インスタントコーヒー、食塩/リン酸塩(Ca、Na)、セルロース、乳化剤、安定剤(キサンタン)、酸化防止剤(ビタミンC)、ビタミンE、香料、(一部にアーモンドを含む),,63,0.9,1.3,12.6,,0.4-0.7,,スチール,ポッカサッポロフード＆ビバレッジ(株)
Pokka Sapporo,ポッカサッポロフード＆ビバレッジ ビッグポッカコーヒー オリジナル 50周年アニバーサリーデザイン缶,4902471100233,コーヒー,250g,砂糖(国内製造、韓国製造)、コーヒー、牛乳、全粉乳、デキストリン、乳等を主要原料とする食品/乳化剤、(一部に乳成分・大豆を含む),,39,0.6,0.5,8.1,,0.08,,スチール,ポッカサッポロフード＆ビバレッジ(株)
Pokka Sapporo,ポッカサッポロフード＆ビバレッジ ビズタイム 集中力スイッチオン 冴えるブラック コーヒー由来のカフェイン240mg,4589850821783,コーヒー,400g,コーヒー(国内製造、コロンビア製造)/乳化剤,,0,0,0,0.5,0,0.05,,アルミ,ポッカサッポロフード＆ビバレッジ(株)
Pokka Sapporo,ポッカサッポロフード＆ビバレッジ ポッカコーヒープレミアム シンス1972 芳醇なコク微糖 ブラジル最高等級豆100%使用,4902471100660,コーヒー,185g,牛乳(国内製造)、コーヒー、砂糖、全粉乳、デキストリン/乳化剤、甘味料(アセスルファムK、スクラロース)、香料、安定剤(増粘多糖類)、(一部に乳成分を含む),,19,0.6,0.5,2.9,2.1,0.1,,スチール,ポッカサッポロフード&amp;ビバレッジ(株)
Pokka Sapporo,ポッカサッポロフード＆ビバレッジ ポッカコーヒー カフェオレ タツノコプロコラボデザイン缶,4589850828447,コーヒー飲料,190g,砂糖(国内製造、韓国製造)、牛乳、コーヒー、全粉乳、デキストリン/カゼインNa、乳化剤、セルロース、(一部に乳成分を含む),,45,0.8,0.7,8.9,,0.08,,スチール,ポッカサッポロフード＆ビバレッジ(株)
Pokka Sapporo,ポッカサッポロフード＆ビバレッジ カフェラテ 深煎り豆使用 エスプレッソ香る,4902471102275,コーヒー飲料,260g,牛乳(国内製造)、砂糖、コーヒー、デキストリン、全粉乳/カゼインNa、乳化剤、セルロース、香料、(一部に乳成分を含む),,40,0.8,0.6,7.8,,0.09,,アルミ,ポッカサッポロフード＆ビバレッジ(株)
Pokka Sapporo,ポッカサッポロフード＆ビバレッジ ポッカコーヒー アイス アイスコーヒー専用ブレンド,4902471102749,コーヒー飲料,185g,牛乳(国内製造)、砂糖、コーヒー/乳化剤、安定剤(増粘多糖類)、香料、甘味料(アセスルファムK)、(一部に乳成分を含む),,22,0.4,0.3,4.4,,0.06,,スチール,ポッカサッポロフード&amp;ビバレッジ(株)
Pokka Sapporo,ポッカサッポロフード＆ビバレッジ ビズタイム 集中力スイッチオン 冴えるブラック カフェイン240mg,4902471102855,コーヒー,390g,コーヒー(国内製造)、乳化剤、カフェイン,,0,0,0,0.7,0,0.04,,アルミ,ポッカサッポロフード&amp;ビバレッジ(株)
Pokka Sapporo,ポッカサッポロフード＆ビバレッジ ポッカコーヒーエスプレッソと甘いコク ひとやすみプレッソ,4902471103043,コーヒー,185g,砂糖(国内製造)、コーヒー、牛乳、脱脂粉乳、デキストリン、乳等を主要原料とする食品/乳化剤、カゼインNa、(一部に乳成分を含む),,35,0.6,0.2,7.7,,0.12,,スチール,ポッカサッポロフード＆ビバレッジ(株)
Pokka Sapporo,ポッカサッポロフード＆ビバレッジ ポッカコーヒー 厳選微糖,4589850821820,コーヒー,185g,コーヒー(国内製造)、牛乳、砂糖、全粉乳、デキストリン、乳清ミネラル/乳化剤、甘味料(アセスルファムK、スクラロース)、安定剤(増粘多糖類)、セルロース、(一部に乳成分を含む),,19,0.7,0.4,3.2,2.2,0.08,,スチール,ポッカサッポロフード&amp;ビバレッジ(株)
Pokka Sapporo,ポッカサッポロフード＆ビバレッジ ポッカコーヒー ブラックコーヒー無糖,4589850828423,コーヒー,185g,コーヒー(国内製造),,0,0,0,0.9,0,0.05,,スチール,ポッカサッポロフード＆ビバレッジ(株)
Pokka Sapporo,ポッカサッポロフード＆ビバレッジ ポッカコーヒーオリジナル,4589850821806,コーヒー,190g,砂糖(国内製造、韓国製造)、コーヒー、牛乳、全粉乳、デキストリン、乳等を主要原料とする食品/乳化剤、(一部に乳成分・大豆を含む),,39,0.6,0.5,8.1,,0.08,,スチール,ポッカサッポロフード&amp;ビバレッジ(株)
Pokka Sapporo,ポッカサッポロフード＆ビバレッジ ポッカコーヒー 黒糖ミルクコーヒー コクのある贅沢な甘さ,4902471103753,コーヒー飲料,260g,牛乳(国内製造)、砂糖、コーヒー、全粉乳、黒糖、デキストリン/カゼインNa、乳化剤、甘味料(アセスルファムK、スクラロース)、セルロース、香料、(一部に乳成分を含む),,30,0.7,0.7,5.2,,0.08,,アルミ,販売者:ポッカサッポロフード＆ビバレッジ(株) / 製造所:ユーシーシー上島珈琲(株)
Sangaria,日本サンガリアべバレッジカンパニー クラウンコーヒー カフェオレ,4902179020598,コーヒー飲料,260g,糖類(阿東、果糖ぶどう糖液糖)、コーヒー、脱脂粉乳、全粉乳、ココナッツオイル、デキストリン、食塩/カラメル色素、乳化剤、香料、ビタミンC、カゼインNa、甘味料(ステビア),100g,29,0.6,0.5,5.6,,0.15,,アルミ,株式会社日本サンガリアべバレッジカンパニー
Sangaria,日本サンガリアべバレッジカンパニー まろやかカフェラテ まろやか仕上げ、豊かな味わい,4902179015570,コーヒー飲料,280g,コーヒー(国内製造)、砂糖、脱脂粉乳、ココナッツオイル、全粉乳、食塩/カラメル色素、乳化剤、甘味料(アセスルファムK、スクラロース)、香料,100g,19,0.6,0.8,2.4,1.8,0.09,,アルミ,株式会社日本サンガリアべバレッジカンパニー
Sangaria,日本サンガリアべバレッジカンパニー クラウンコーヒー ブラック 洗練されたキレのある味わい,4902179020581,コーヒー,260g,コーヒー,100g,0,0,0,0-1,0,0.03-0.1,,アルミ,株式会社日本サンガリアべバレッジカンパニー
Sangaria,日本サンガリアべバレッジカンパニー クオリティコーヒー 炭焼 煎りたてコーヒー豆使用,4902179017079,コーヒー飲料,185g,コーヒー(国内製造)、砂糖、全粉乳、脱脂粉乳、ココナッツオイル、デキストリン、塩化Na/カラメル色素、乳化剤、甘味料(アセスルファムK),100g,14,0.3,0.2,2.8,,0.074,,スチール,株式会社日本サンガリアべバレッジカンパニー
Sangaria,日本サンガリアべバレッジカンパニー クオリティコーヒー ブラック 煎りたてコーヒー豆使用,4902179016324,コーヒー,185g,コーヒー(国内製造),100g,0,0,0,0.7,0,0.043,,スチール,株式会社日本サンガリアべバレッジカンパニー
Sangaria,日本サンガリアべバレッジカンパニー クオリティコーヒー カフェオレ カロリーオフ 煎りたてコーヒー豆使用,4902179016317,コーヒー飲料,185g,コーヒー(国内製造)、砂糖、全粉乳、脱脂粉乳、ココナッツオイル、デキストリン、塩化Na/カラメル色素、乳化剤、甘味料(アセスルファムK),100g,19,0.4,0.4,3.5,,0.091,,スチール,株式会社日本サンガリアべバレッジカンパニー
Sangaria,日本サンガリアべバレッジカンパニー クオリティコーヒー 微糖 ブレンド 煎りたてコーヒー豆使用,4902179016300,コーヒー飲料,185g,コーヒー(国内製造)、砂糖、全粉乳、脱脂粉乳、ココナッツオイル、デキストリン、塩化Na/カラメル色素、乳化剤、甘味料(アセスルファムK),100g,18,0.3,0.3,3.7,3.3,0.071,,スチール,株式会社日本サンガリアべバレッジカンパニー
Sangaria,日本サンガリアべバレッジカンパニー ブレンドカフェオレ,4902179010971,コーヒー,190g,コーヒー(国内製造)、砂糖、乳製品、ココナッツオイル、デキストリン/乳化剤、香料,100g,39,0.8,0.6,7.6,,0.09,,スチール,株式会社日本サンガリアべバレッジカンパニー
Sangaria,日本サンガリアベバレッジカンパニー ブレンドコーヒー カフェオレ,4902179023933,コーヒー飲料,185g,コーヒー(国内製造)、砂糖、全粉乳、脱脂粉乳、ココナッツオイル、デキストリン、塩化Na/カラメル色素、乳化剤、甘味料(アセスルファムK),100g,21,0.4,0.4,3.9,,0.08,,スチール,株式会社日本サンガリアベバレッジカンパニー
Sangaria,日本サンガリアベバレッジカンパニー ブレンドコーヒー 微糖,4902179023919,コーヒー飲料,185g,コーヒー(国内製造)、砂糖、全粉乳、脱脂粉乳、ココナッツオイル、デキストリン、塩化Na/カラメル色素、乳化剤、甘味料(アセスルファムK),100g,15,0.3,0.2,2.9,2.4,0.07,,スチール,日本サンガリアベバレッジカンパニー
Sangaria,日本サンガリアべバレッジカンパニー おいしいミルクコーヒー コクとうまみ,4902179024381,コーヒー飲料,275g,砂糖(タイ製造)、全粉乳、コーヒー、脱脂粉乳、ココナッツオイル、デキストリン、食塩/香料、乳化剤、カラメル色素、ビタミンC、甘味料(アセスルファムK、ステビア),100g,29,0.6,0.6,5.4,,0.13,,アルミ,株式会社日本サンガリアべバレッジカンパニー
Sangaria,日本サンガリアべバレッジカンパニー オリジナルコーヒー ブラック 洗練された香りとキレのあるコク,4902179024213,コーヒー,260g,コーヒー(ベトナム製造、国内製造)/香料,100g,5,0.3,0,1.0,0,0.05,,アルミ缶,株式会社日本サンガリアベバレッジカンパニー
Sangaria,日本サンガリアべバレッジカンパニー オリジナルコーヒー カフェオレ 芳醇な香りと深みのあるコク,4902179024220,コーヒー飲料,260g,砂糖(タイ製造)、全粉乳、コーヒー、デキストリン、脱脂粉乳、ココナッツオイル、食塩/乳化剤、香料、ビタミンC、カゼインNa,100g,32,0.6,0.6,6.1,,0.131,,アルミ,株式会社日本サンガリアベバレッジカンパニー
Sangaria,日本サンガリアベバレッジカンパニー ふって飲むミルクコーヒーゼリー,4902179024664,コーヒー飲料,275g,砂糖(タイ製造、国内製造)、コーヒー、全粉乳、脱脂粉乳、ココナッツオイル、デキストリン、食塩/ゲル化剤(増粘多糖類)、香料、乳化剤、カラメル色素、ビタミンC、甘味料(アセスルファムK、ステビア、スクラロース),100g,25,0.5,0.2,5.4,,0.16,,アルミ,株式会社日本サンガリアベバレッジカンパニー
UCC,ユーシーシー上島珈琲 カフェ・オ・レ コーヒーとミルクのコク,4901201138843,乳飲料,185g,牛乳(国内製造)、砂糖、コーヒー、濃縮乳、全粉乳、デキストリン、食塩/乳化剤、香料,100g,,1.0,1.0,7.8,,0.07-0.23,,スチール,ユーシーシー上島珈琲(株)
UCC,ユーシーシー上島珈琲 ブラック無糖 リッチ 贅沢に、コク深く,4901201144561,コーヒー,375g,コーヒー(国内製造),100g,,0,0,0.5,0,0.001-0.08,,アルミ,ユーシーシー上島珈琲(株)
UCC,ユーシーシー上島珈琲 ブレンドコーヒー ブレンド こだわりの香りとコク,4901201224799,コーヒー,185g,コーヒー(国内製造)、砂糖、全粉乳、脱脂粉乳、デキストリン/乳化剤、甘味料(アセスルファムK),100g,,0.4,0,4.7,,0.03-0.12,,スチール,ユーシーシー上島珈琲(株)
UCC,ユーシーシー上島珈琲 ブラック 無糖,4901201208096,コーヒー,185g,コーヒー(国内製造),,,0,0,0.5,0,0.001-0.08,,アルミ,ユーシーシー上島珈琲(株)
UCC,ユーシーシー バリスタズスタイル 微糖 厳選豆使用 挽きたての旨み。こだわりの香り。,4901201122453,コーヒー,185g,牛乳(国内製造)、コーヒー、砂糖、脱脂粉乳、デキストリン/香料、乳化剤、カゼインNa、甘味料(アセスルファムK),100g,,0.6,0,2.5,1.9,0.06-0.19,,スチール,ユーシーシー上島珈琲(株)
UCC,ユーシーシー上島珈琲 バリスタズスタイル ブレンド 厳選豆使用 ブラジル産コーヒー豆60%使用,4901201122477,コーヒー,185g,砂糖(国内製造、ニュージーランド製造)、コーヒー、牛乳、全粉乳、脱脂粉乳、デキストリン/香料、乳化剤、カゼインNa,100g,,0.6,0.4,6.9,,0.06-0.19,,スチール,ユーシーシー上島珈琲(株)
UCC,ユーシーシー上島珈琲 セブンアンドアイプレミアム ザコーヒー カフェラテ,4901201147647,乳飲料,375g,牛乳(国内製造)、コーヒー(有機100%)、脱脂粉乳/乳化剤、香料、甘味料(アセスルファムK、スクラロース),,19,1.0,0.9,1.6,1.1,0.03-0.12,,アルミ,ユーシーシー上島珈琲株式会社
UCC,ユーシーシー上島珈琲 セブンアンドアイプレミアム ザコーヒー ブラック コーヒー無糖,4901201147937,コーヒー,375g,コーヒー(国内製造)(有機100%),,0,0,0,0.5,0,0.001-0.08,,アルミ,ユーシーシー上島珈琲株式会社
UCC,ユーシーシー上島珈琲 ブレンドコーヒー カフェオレ カロリーオフ 挽きたて ミルクに合う深炒りコーヒー100%,4901201224812,コーヒー飲料,185g,牛乳(国内製造)、コーヒー、砂糖、脱脂粉乳、全粉乳、デキストリン/乳化剤、甘味料(アセスルファムK),100g,,0.5,0.4,2.2,,0.02-0.09,,スチール,ユーシーシー上島珈琲(株)
UCC,ユーシーシー上島珈琲 ブレンドコーヒー 微糖 すっきりとした甘さとキレ 挽きたて 厳選レギュラー豆100%,4901201224805,コーヒー,185g,コーヒー(国内製造)、砂糖、脱脂粉乳、全粉乳、デキストリン/乳化剤、甘味料(アセスルファムK),100g,,0.4,0,2.4,1.8,0.03-0.12,,スチール,ユーシーシー上島珈琲(株)
UCC,ユーシーシー上島珈琲 ユーシーシーミルクコーヒー ミルクコーヒーSINCE1969,4901201133213,乳飲料,250g,砂糖(国内製造)、牛乳、脱脂粉乳、コーヒー、全粉乳/乳化剤,100g,,1.6,0.7,7.1,,0.10-0.18,,スチール,ユーシーシー上島珈琲(株)
UCC,ユーシーシー上島珈琲 ブラック無糖 贅沢にコク深く リッチ 芳醇な香りとほろ苦い味わい,4901201144547,コーヒー,275g,コーヒー(国内製造),100g,,0,0,0.6,0,0.001-0.08,,アルミ,ユーシーシー上島珈琲(株)
UCC,ユーシーシー ブラック 無糖 ニューグラウンド フルーティブレンド,4901201150609,コーヒー,185g,コーヒー(国内製造),,,0,0,0.4,0,0.001-0.08,,スチール,ユーシーシー上島珈琲(株)
UCC,ユーシーシー上島珈琲 ザンビア＆エチオピア オリジンブラック,4901201150135,コーヒー,275g,コーヒー(国内製造),100g,,0,0,0.6,0,0.001-0.08,,アルミ,ユーシーシー上島珈琲(株)
UCC,ユーシーシー上島珈琲 バリスタズスタイル ブラック 厳選豆使用 贅沢なコク、こだわりの香り。,4901201139239,コーヒー,275g,コーヒー(国内製造),100g,,0,0,0.5,0,0.001-0.08,,アルミ,ユーシーシー上島珈琲(株)
UCC,ユーシーシー上島珈琲 バリスタズスタイル コクの微糖 厳選豆使用 芳醇な香り、華やかなコク。,4901201139253,コーヒー,260g,コーヒー(国内製造)、牛乳、砂糖、脱脂粉乳、デキストリン、全粉乳/香料、乳化剤、カゼインNa、甘味料(アセスルファムK、スクラロース),100g,,0.5,0.2,3.3,2.3,0.04-0.16,,アルミ,ユーシーシー上島珈琲(株)
UCC,ユーシーシー上島珈琲 ブレンドコーヒー 澄みごこち微糖 すっきりと広がるコクと甘み,4901201127373,コーヒー飲料,260g,牛乳(国内製造)、砂糖、全粉乳、コーヒー、デキストリン、乳清ミネラル/乳化剤、甘味料(アセスルファムK、スクラロース),100g,,0.6,0.6,3.3,2.1,0.03-0.10,,アルミ,ユーシーシー上島珈琲(株)
UCC,ユーシーシー上島珈琲 ブレンドコーヒー 贅沢なカフェオレ 風味豊かでやさしい甘さ,4901201127397,コーヒー飲料,260g,牛乳(国内製造)、砂糖、全粉乳、コーヒー、デキストリン、乳清ミネラル/乳化剤、香料,100g,,0.6,0.7,7.8,,0.02-0.09,,アルミ,ユーシーシー上島珈琲(株)
UCC,ユーシーシー上島珈琲 セブンプレミアム カフェラテ,4901201152665,コーヒー飲料,375g,牛乳(国内製造)、コーヒー、脱脂粉乳、乳清ミネラル/乳化剤、香料、甘味料(アセスルファムK、スクラロース),,12,0.7,0.5,1.2,0.7,0.03-0.11,,アルミ,ユーシーシー上島珈琲株式会社
UCC,ユーシーシー上島珈琲 セブンアンドアイプレミアム ブラック コーヒー無糖,4901201152641,コーヒー,375g,コーヒー(国内製造),,0,0,0,0.4,0,0.001-0.08,,アルミ,ユーシーシー上島珈琲株式会社
UCC,ユーシーシー上島珈琲 ブルーマウンテンブレンド 微糖 ジャマイカ産コーヒー豆51%使用,4901201152627,コーヒー,185g,牛乳(国内製造)、コーヒー、砂糖/乳化剤、香料、甘味料(アセスルファムK、スクラロース),100g,,0.6,0.6,2.8,2.1,0.06-0.19,,スチール,販売者:ユーシーシー上島珈琲(株) / 製造所:日本果実工業株式会社
UCC,ユーシーシー上島珈琲 セブンアンドアイプレミアムゴールド 上島珈琲店 ミルク珈琲 無糖,4901201153181,コーヒー飲料,260g,牛乳(国内製造)、コーヒー、植物性油脂、デキストリン、乳たんぱく/乳化剤、セルロース、香料、カゼインNa、甘味料(スクラロース),,31,0.4,2.7,1.3,0,0.03,,アルミ,ユーシーシー上島珈琲株式会社
UCC,ユーシーシー上島珈琲 セブンアンドアイプレミアムゴールド 上島珈琲店 ブレンドコーヒー 無糖,4901201153167,コーヒー,260g,コーヒー(国内製造),,0,0,0,0.6,0,0.001-0.10,,アルミ,ユーシーシー上島珈琲株式会社
UCC,ユーシーシー上島珈琲 ブラック無糖リッチ 芳醇な香りとほろ苦い味わい,4901201153419,コーヒー,275g,コーヒー(国内製造),100g,,0,0,0.6,0,0.001-0.08,,アルミ,ユーシーシー上島珈琲(株)
UCC,ユーシーシー上島珈琲 ブラック無糖 リッチ 芳醇な香りとほろ苦い味わい,4901201153433,コーヒー,375g,コーヒー(国内製造),100g,,0,0,0.6,0,0.001-0.08,,アルミ,ユーシーシー上島珈琲(株)
UCC,ユーシーシー上島珈琲 ブラック無糖 ゲイシャブレンド グァテマラ産ゲイシャ使用 華やかな甘い香り,4901201154683,コーヒー,275g,コーヒー(国内製造)(グァテマラ産コーヒー豆51%),100g,,0,0,0.4,0,0.001-0.08,,アルミ,ユーシーシー上島珈琲(株)
UCC,ユーシーシー上島珈琲 ビーンズ＆ロースターズ 生クリーム専門店ミルク監修 北海道産生クリーム入りカフェラテ,4901201154706,乳飲料,375g,牛乳(国内製造)、砂糖、コーヒー、全粉乳、デキストリン、クリーム、食塩/香料、乳化剤,100g,,0.9,1.2,7.5,,0.04-0.15,,アルミ,ユーシーシー上島珈琲(株)
UCC,ユーシーシー上島珈琲 最高等級豆100%使用 エクストラリミテッドブラック 無糖,4901201156311,コーヒー,375g,コーヒー(国内製造),,0,0,0,0.6,0,0.001-0.10,,アルミ,ユーシーシー上島珈琲株式会社
UCC,ユーシーシー上島珈琲 ザコーヒー コク際立つ微糖 芳ばしい香り深炒り焙煎豆使用,4901201127175,コーヒー,260g,コーヒー(国内製造)、牛乳、砂糖、脱脂粉乳、デキストリン、全粉乳/香料、乳化剤、カゼインNa、甘味料(アセスルファムK、スクラロース),100g,,0.4,0.3,3.2,2.1,0.04-0.15,,アルミ,ユーシーシー上島珈琲株式会社
UCC,ユーシーシー上島珈琲 カフェオレ コーヒーとミルクのコク 北海道産クリーム使用,4901201154614,乳飲料,185g,牛乳(国内製造)、砂糖、コーヒー、濃縮乳、全粉乳、クリーム、デキストリン、食塩/乳化剤、香料,100g,,1.0,1.3,7.8,,0.07-0.22,,スチール,ユーシーシー上島珈琲(株)
UCC,ユーシーシー上島珈琲 北海道産生クリーム使用 エクストラリミテッドラテ カフェラテ,4901201156298,乳飲料,375g,牛乳(国内製造)、砂糖、コーヒー、全粉乳、デキストリン、クリーム、食塩/乳化剤、香料、セルロース,,33,0.8,1.1,5.1,4.0,0.06-0.20,,アルミ,ユーシーシー上島珈琲株式会社
UCC,ユーシーシー上島珈琲 ザコーヒー ミルク際立つカフェオレ まったりとしたミルク感 北海道産生クリーム使用,4901201127199,コーヒー飲料,260g,牛乳(国内製造)、砂糖、コーヒー、全粉乳、デキストリン、加糖れん乳、クリーム/乳化剤、香料、甘味料(アセスルファムK、スクラロース),100g,,0.6,0.8,5.6,,0.02-0.08,,アルミ,ユーシーシー上島珈琲株式会社
UCC,ユーシーシー上島珈琲 ビーンズ＆ロースターズ カフェラテ なめらかミルクのカフェラテ,4901201119583,乳飲料,375g,牛乳(国内製造)、砂糖、コーヒー、濃縮乳、全粉乳、デキストリン、食塩/乳化剤、香料,100g,,0.9,1.1,7.4,,0.04-0.14,,アルミ,ユーシーシー上島珈琲(株)
UCC,ユーシーシー上島珈琲 ブラック無糖 スペシャリティコーヒーブレンド スペシャリティコーヒー51%使用 やわらかなベリーの余韻,4901201156595,コーヒー,275g,コーヒー(国内製造),100g,,0,0,0.4,,0.001-0.08,,アルミ,ユーシーシー上島珈琲(株)
UCC,ユーシーシー上島珈琲 コールドブリューコーヒー 水淹れ フルーティスペシャル,4901201157158,コーヒー,275g,コーヒー(国内製造),100g,,0,0,0.7,0,,,アルミ,ユーシーシー上島珈琲(株)
UCC,ユーシーシー上島珈琲 ザコーヒー ミルクの癒しカフェオレ 挽きたてレギュラーコーヒー１００%使用,4901201156786,コーヒー飲料,185g,牛乳(国内製造)、コーヒー、砂糖、脱脂粉乳、全粉乳、デキストリン、香料、乳化剤、甘味料(アセスルファムK),100g,,0.6,0.4,2.8,,0.02-0.10,,スチール,ユーシーシー上島珈琲(株)
UCC,ユーシーシー上島珈琲 ブラック無糖 黒の余韻 上質な苦みと深いコク,4901201158179,コーヒー,275g,コーヒー(国内製造),100g,,0,0,0.4,0,0.001-0.08,,アルミ,ユーシーシー上島珈琲(株)
UCC,ユーシーシー上島珈琲 エチオピアイルガチェフェ地方産コーヒー 水素焙煎,4901201156915,コーヒー,275g,コーヒー(国内製造),100g,,0,0,0.4,0,,,アルミ,ユーシーシー上島珈琲(株)
UCC,ユーシーシー上島珈琲 ブラック無糖 スペシャルティコーヒーブレンド スペシャルティコーヒー51%使用 ダークチョコレートのようなほろ苦さ,4901201157981,コーヒー,275g,コーヒー(国内製造),100g,,0,0,0.4,0,0.001-0.08,,アルミ,ユーシーシー上島珈琲(株)
UCC,ユーシーシー上島珈琲 ブラック無糖 黒の余韻 上質な苦みと深いコク,4901201158209,コーヒー,375g,コーヒー(国内製造),100g,0,0,0,0.4,0,0.001-0.08,,アルミ,ユーシーシー上島珈琲(株)
Wonda (Asahi),アサヒ飲料 ワンダ ぎゅっとコク増し コーヒーとミルクの深み,4514603416213,コーヒー,165g,牛乳(国内製造)、コーヒー、砂糖、脱脂粉乳、全粉乳、デキストリン/カゼインNa、乳化剤、香料、甘味料(アセスルファムK、スクラロース)、セルロース,,21,0.9,0.7,2.8,,0.07,,スチール,アサヒ飲料株式会社
Wonda (Asahi),アサヒ飲料 ワンダ モーニングショット 週刊プロレスコラボ缶,4514603284317,コーヒー,185g,牛乳(国内製造)、砂糖、コーヒー、脱脂粉乳、デキストリン/カゼインNa、乳化剤、香料、酸化防止剤(ビタミンC),,34,0.6,0.5,6.8,,0.10,,スチール,アサヒ飲料株式会社
Wonda (Asahi),アサヒ飲料 丸福珈琲店監修 ワンダ 極 微糖 深煎りの極み,4514603345117,コーヒー,370g,コーヒー(コーヒー豆(輸入))、牛乳、砂糖、全粉乳、脱脂粉乳、デキストリン/香料、カゼインNa、乳化剤、調味料(アミノ酸等)、甘味料(アセスルファムK、スクラロース),,17,0.5,0.3,3.0,2.3,0.10,,アルミ,アサヒ飲料株式会社
Wonda (Asahi),アサヒ飲料 丸福珈琲店監修 ワンダ 極 カフェオレ 深煎りの極み 味わい特濃,4514603362619,乳飲料,360g,牛乳(国内製造)、コーヒー、砂糖、脱脂粉乳、全粉乳、デキストリン」、食塩/香料、乳化剤、カゼインNa、甘味料(アセスルファムK、スクラロース),,28,1.1,0.9,3.8,,0.13,,アルミ,アサヒ飲料株式会社
Wonda (Asahi),アサヒ飲料 丸福珈琲店監修 ワンダ 極 ブラック 深煎りの極み,4514603377910,コーヒー,400g,コーヒー(コーヒー豆(ブラジル産、エチオピア産、その他))/香料、乳化剤,,0,0,0,0.5,0,0.04,,アルミ,アサヒ飲料株式会社
Wonda (Asahi),アサヒ飲料 丸福珈琲店監修 ワンダ 極 老舗珈琲店の甘くないラテ 砂糖不使用,4514603391817,乳飲料,260g,牛乳(国内製造)、コーヒー、脱脂粉乳、クリーム、デキストリン/乳化剤、香料、カゼインNa、セルロース、シリコーン,,21,1.2,0.9,1.9,1.5,0.10,,アルミ,アサヒ飲料株式会社
Wonda (Asahi),ユーシーシー上島珈琲 ルワンダ＆ブラジル オリジンブラック,4901201146497,コーヒー,275g,コーヒー(国内製造),100g,,0,0,0.5,0,0.001-0.08,,アルミ,ユーシーシー上島珈琲(株)
Wonda (Asahi),アサヒ飲料 ワンダ 特製カフェオレ 北海道産練乳使用,4514603305418,コーヒー,185g,"牛乳(国内製造)、砂糖、コーヒー、脱脂粉乳、加糖脱脂練乳、全粉乳、デキストリン/香料、乳化剤、カゼインNa,酸化防止剤(ビタミンC)",,40,0.8,0.7,7.6,,0.11,,スチール,アサヒ飲料株式会社
Wonda (Asahi),アサヒ飲料 ワンダ プレミアムゼロ 糖類ゼロ コク深くてスッキリ 甘さ控えめ,4514603384512,コーヒー,185g,牛乳(国内製造)、コーヒー、脱脂粉乳、加工クリーム/甘味料(キシリトール、アセスルファムK、スクラロース)、乳化剤、カゼインNa,,11,0.5,0,1.6,0,0.1,,スチール,アサヒ飲料株式会社
Wonda (Asahi),アサヒ飲料 丸福珈琲店監修 ワンダ 極 微糖 深煎りの極み,4514603372014,コーヒー,260g,コーヒー(コーヒー豆(輸入))、牛乳、砂糖、全粉乳、脱脂粉乳、デキストリン/香料、カゼインNa、乳化剤、調味料(アミノ酸等)、甘味料(アセスルファムK、スクラロース),,17,0.5,0.3,3.0,2.3,0.10,,アルミ,アサヒ飲料株式会社
Wonda (Asahi),アサヒ飲料 丸福珈琲店監修 ワンダ 極 ブラック 深煎りの極み,4514603377811,コーヒー,285g,コーヒー(コーヒー豆(ブラジル産、エチオピア産、その他))/香料、乳化剤,,0,0,0,0.5,0,0.04,,アルミ,アサヒ飲料株式会社
Wonda (Asahi),アサヒ飲料 丸福珈琲店監修 ワンダ 極 カフェオレ 深煎りの極み 味わい特濃,4514603379013,乳飲料,260g,牛乳(国内製造)、コーヒー、砂糖、脱脂粉乳、全粉乳、デキストリン、食塩/香料、乳化剤、カゼインNa、甘味料(アセスルファムK、スクラロース),,28,1.1,0.9,3.8,,0.13,,アルミ,アサヒ飲料株式会社
Wonda (Asahi),アサヒ飲料 ワンダ ディープマウンテン エスプレッソ仕立て ほろにが微糖,4514603426519,コーヒー,185g,牛乳(国内製造)、コーヒー、砂糖、全粉乳、脱脂粉乳、デキストリン/カゼインNa、乳化剤、香料、甘味料(アセスルファムK、スクラロース),,20,0.7,0.5,3.1,2.4,0.1,,スチール,アサヒ飲料株式会社
Wonda (Asahi),アサヒ飲料 ワンダ 金の微糖 ワンピースコラボデザイン缶,4514603360912,コーヒー,185g,牛乳(国内製造)、コーヒー、砂糖、全粉乳、デキストリン/乳化剤、カゼインNa、香料、酸化防止剤(ビタミンC)、甘味料(アセスルファムK、スクラロース),,19,0.6,0.5,3.1,2.3,0.10,,スチール,アサヒ飲料株式会社
Wonda (Asahi),ユーシーシー上島珈琲 ルワンダ＆コロンビア オリジンブラック,4901201148484,コーヒー,275g,コーヒー(国内製造),100g,,0,0,0.6,0,0.001-0.06,,アルミ,ユーシーシー上島珈琲(株)
Wonda (Asahi),アサヒ飲料 ワンダ 北海道産生クリーム使用 クリーミーラテ  たっぷり、まろやか,4514603334814,コーヒー飲料,280g,牛乳(国内製造)、砂糖、コーヒー、脱脂粉乳、クリーム、デキストリン/香料、乳化剤、カゼインNa,,41,0.8,0.6,8.1,,0.09,,スチール,アサヒ飲料株式会社
Wonda (Asahi),アサヒ飲料 レジェンドコレクション シリーズ第1弾1997 ワンダコーヒー ワンダフルブレンド,4514603434613,コーヒー,185g,コーヒー(コーヒー豆(ブラジル産、エチオピア産、その他))、牛乳、脱脂粉乳、砂糖/カゼインNa、乳化剤、香料、甘味料(アセスルファムK、スクラロース)、酸化防止剤(ビタミンC),,15,0.8,0.2,2.4,1.8,0.10,,スチール,アサヒ飲料株式会社
Wonda (Asahi),アサヒ飲料 ワンダ 金の微糖 プレミアムエスプレッソブレンド 高級豆100%使用,4514603360912,コーヒー,185g,牛乳(国内製造)、コーヒー、砂糖、全粉乳、デキストリン/乳化剤、カゼインNa、香料、酸化防止剤(ビタミンC)、甘味料(アセスルファムK、スクラロース),,18,0.6,0.5,2.9,2.3,0.10,,スチール,アサヒ飲料株式会社
Wonda (Asahi),アサヒ飲料 レジェンドコレクション シリーズ第3弾 2011 ワンダ オーロラプレッソ マイルドアンドビターテイスト エスプレッソ仕立て,4514603442915,コーヒー,185g,牛乳(国内製造)、コーヒー、砂糖、全粉乳、デキストリン/香料、カゼインNa、乳化剤、甘味料(アセスルファムK、スクラロース),,18,0.6,0.5,2.8,,0.10,,スチール,アサヒ飲料株式会社
Wonda (Asahi),アサヒ飲料 ワンダ 朝専用モーニングショットブラック スッと飲めて、キリッと苦み。,4514603410617,コーヒー,185g,コーヒー(コーヒー豆(ブラジル産、エチオピア産、その他))/香料、酸化防止剤(ビタミンC),,0,0,0,0.5,0,0.04,,スチール,アサヒ飲料株式会社
Wonda (Asahi),アサヒ飲料 ワンダ 太陽のモカブレンド 心晴れる、華やかな香り 微糖 エチオピア産厳選豆使用,4514603448016,コーヒー,185g,コーヒー(コーヒー豆(エチオピア産、ブラジル産、その他))、牛乳、砂糖、全粉乳、脱脂粉乳、デキストリン/香料、カゼインNa、乳化剤、甘味料(アセスルファムK、スクラロース),,18,0.5,0.3,3.2,2.3,0.10,,スチール,アサヒ飲料株式会社
Wonda (Asahi),アサヒ飲料 ワンダ 満足の一口 コクの深味カフェオレ,4514603448511,乳飲料,370g,牛乳(国内製造)、コーヒー、砂糖、脱脂粉乳、全粉乳、デキストリン、クリーム、食塩/香料、乳化剤、カゼインNa、甘味料(アセスルファムK、スクラロース),,27,1.2,0.9,3.6,,0.12,,アルミ缶,アサヒ飲料
Wonda (Asahi),アサヒ飲料 ワンダ 満足の一口 コクの深味 微糖,4514603448818,コーヒー,370g,コーヒー(コーヒー豆(ベトナム産、ブラジル産、その他))、牛乳、砂糖、全粉乳、デキストリン、クリーム/香料、カゼインNa、乳化剤、甘味料(アセスルファムK、スクラロース),,18,0.5,0.4,3.0,2.3,0.10,,アルミ,アサヒ飲料株式会社
Wonda (Asahi),アサヒ飲料 ワンダ 満足の一口 コクの深味ブラック,4514603448719,コーヒー,285g,コーヒー(コーヒー豆(ブラジル産、ベトナム産、その他))/香料、乳化剤,,0,0,0,0.7,0,0.05,,アルミ,アサヒ飲料株式会社
Wonda (Asahi),アサヒ飲料 ワンダ 満足の一口 コクの深味ブラック,4514603445817,コーヒー,400g,コーヒー(コーヒー豆(ブラジル産、ベトナム産、その他))/香料、乳化剤,,0,0,0,0.7,0,0.05,,アルミ,アサヒ飲料株式会社
Wonda (Asahi),アサヒ飲料 ワンダ 午後のブラジルブレンド 微糖 ブラジル豆100%使用 まろやかな味わい,4514603456516,コーヒー,185g,牛乳(国内製造)、コーヒー、砂糖、全粉乳、デキストリン/乳化剤、カゼインNa、香料、甘味料(アセスルファムK、スクラロース),,21,0.7,0.6,3.2,,0.10,,スチール,アサヒ飲料株式会社
Wonda (Asahi),アサヒ飲料 ワンダ 満足の一口 コクの深味 微糖,4514603228917,コーヒー,260g,コーヒー(コーヒー豆(ベトナム産、ブラジル産、その他))、牛乳、砂糖、全粉乳、デキストリン、クリーム/香料、カゼインNa、乳化剤、甘味料(アセスルファムK、スクラロース),,18,0.5,0.4,3.0,2.3,0.10,,アルミ,アサヒ飲料株式会社
Wonda (Asahi),アサヒ飲料 ワンダ 満足の一口 コクの深味カフェオレ,4514603448610,乳飲料,260g,牛乳(国内製造)、コーヒー、砂糖、脱脂粉乳、全粉乳、デキストリン、クリーム、食塩/香料、乳化剤、カゼインNa、甘味料(アセスルファムK、スクラロース),,27,1.2,0.9,3.6,,0.12,,アルミ,アサヒ飲料株式会社
Wonda (Asahi),アサヒ飲料 深煎り焙煎 ワンダ ブラック ダークロースト,4514603458916,コーヒー,285g,コーヒー(コーヒー豆(ベトナム産、ブラジル産、その他))/香料、乳化剤,,0,0,0,0.6,0,0.04,,アルミ,アサヒ飲料株式会社
Wonda (Asahi),アサヒ飲料 ワンダ ブラック ザアロマ 芳醇な香り,4514603463217,コーヒー,185g,コーヒー(コーヒー豆(ブラジル産、エチオピア産))/広陵、酸化防止剤(ビタミンC)、乳化剤,,0,0,0,0.5,0,0.04,,スチール,アサヒ飲料株式会社
Wonda (Asahi),アサヒ飲料 ワンダ コクのブラック 3種のエスプレッソブレンド,4514603228719,コーヒー,285g,コーヒー(コーヒー豆(ブラジル産、ベトナム産、その他))/香料、乳化剤,,0,0,0,0.5,0,0.05,,アルミ,アサヒ飲料株式会社
Wonda (Asahi),アサヒ飲料 ワンダ 大人のミルクコーヒー すっきり微糖,4514603467710,コーヒー飲料,185g,牛乳(国内製造)、コーヒー、砂糖、脱脂粉乳、全粉乳、クリーム、デキストリン/香料、乳化剤、カゼインNa、調味料(アミノ酸等)、甘味料(アセスルファムK),,22,0.8,0.8,2.8,2.4,0.12,,スチール,アサヒ飲料株式会社
Wonda (Asahi),アサヒ飲料 ワンダ コクの微糖 3種のエスプレッソブレンド,4514603448917,コーヒー,260g,コーヒー(コーヒー豆(ベトナム産、ブラジル産、その他))、牛乳、砂糖、全粉乳、デキストリン、クリーム/香料、カゼインNa、乳化剤、甘味料(アセスルファムK、スクラロース),,18,0.5,0.4,3.0,2.3,0.10,,アルミ,アサヒ飲料株式会社
Wonda (Asahi),アサヒ飲料 ワンダ アイスマウンテン 氷点下仕立て キリマンジャロブレンド 甘さすっきり,4514603310511,コーヒー,185g,"牛乳(国内製造)、コーヒー、砂糖、クリーム/カゼインNa,乳化剤、香料、甘味料(アセスルファムK)",,22,0.5,0.6,3.7,,0.1,,スチール,アサヒ飲料株式会社
Wonda (Asahi),アサヒ飲料 ワンダ ボディブラック キリッと苦味 無糖,4514603456714,コーヒー,400g,コーヒー(コーヒー豆(ベトナム産、ブラジル産、その他))/香料、乳化剤,,0,0,0,0.6,0,0.04,,アルミ,アサヒ飲料株式会社
Wonda (Asahi),アサヒ飲料 ワンダ 昭和の香り 君待ち焦がれブレンド,4514603490213,コーヒー飲料,185g,牛乳(国内製造)、蔗糖型液糖、コーヒー/香料、カゼインNa、乳化剤、甘味料(アセスルファムK),,22,0.5,0.4,4.1,,0.09,,スチール,アサヒ飲料株式会社
